Crop,Temperature_C,Rainfall_mm,Humidity_pct,SoilMoisture_pct,Nitrogen,Phosphorus,Potassium,Soil_pH,LeafSpot,Wilting,Yellowing,SymptomScore,DiseaseRisk,Yield_t_ha
Wheat,21.38965404362805,51.57510082137425,70.79862927631335,79.5167309248971,86.07684791735363,32.293107304897795,27.123937759275066,6.462092996699209,0,0,0,0,Low,3.6308855560746522
Cotton,26.78408506595108,88.847572628551,78.3115767647853,54.24816098388233,63.82456563128731,13.927030831366999,40.51593040671666,6.036050270764991,0,0,0,0,Low,2.451910805549121
Maize,25.060265511488545,88.95903426551327,82.58129447527622,42.821206313302376,94.09293533489945,36.26240877489279,42.32781866106285,7.548881071792418,1,0,0,1,Medium,4.543902387819781
Maize,30.793970906068306,80.84475856103228,79.12052553043796,59.78709899340568,111.16554934929269,35.99826197578924,31.725920575505246,5.996044824659147,0,0,0,0,Low,5.091433510714239
Rice,23.517948604033922,87.61759652714883,98.45648742638102,51.319196266435824,106.77858181437304,41.499737961805906,40.799686263198204,5.180981023985892,0,0,0,0,Medium,4.203287428763359
Rice,27.975874666423223,124.72656663689641,69.46270129027623,81.75365898860473,70.85398715960545,58.98145300911813,39.838833519051576,5.8550524934188335,1,0,0,1,Medium,4.308766054045565
Rice,19.383909166283313,148.6501070281335,77.30430823057839,75.62988152131516,76.78212124531699,27.106289953208076,46.231705839619146,5.840324881953622,0,0,0,0,Low,4.091896314182022
Cotton,22.935614465139,64.72119333195035,49.489404502778605,57.90019818053144,90.47990398199558,32.58507495971994,40.804598690053496,5.485302117837149,0,0,0,0,Low,2.6658083809239885
Maize,35.580119114624374,73.30280554831874,69.73462404178997,65.2089393786942,91.56552569382139,38.70075629268452,30.263379931197637,5.9992275823177845,0,0,0,0,Low,4.294434279722796
Maize,14.647305052864755,44.70591829087344,72.24071977952734,47.33707452087596,93.21716075503242,37.70660858464872,34.50122033237538,6.590270618512413,0,0,0,0,Low,4.961682630077109
Rice,30.24752428819456,77.95217951749414,87.3831201735071,70.1321960058034,73.00169943994499,48.41698587155149,35.59674601841865,5.593848555847721,0,0,0,0,Medium,3.948224606614475
Cotton,25.04245006847128,47.37817499108694,83.41155627688991,32.953312418973994,53.652977842915796,26.65325131850639,43.157665082821595,5.535791124183982,0,0,0,0,Low,3.1179815151271963
Cotton,28.949578602411783,65.87231153885136,68.39049725787278,49.826213697865754,75.32257535635273,43.929716938148694,31.142276486620396,6.582665968804033,0,0,0,0,Low,2.9991300209519607
Rice,24.197154736044226,105.80085325179601,83.10899164479457,58.67328930364013,65.66732625242611,46.9667728977855,58.05574045639953,6.194675368886177,1,0,0,1,Medium,4.272031719961307
Rice,34.494635000081594,137.31614143039886,67.92465336590729,50.38688653002532,83.75326560147778,42.2348194518975,43.17659020469123,5.4008409027655935,0,0,0,0,Low,3.9691678664366514
Rice,33.03590363865061,95.55688864498609,62.71068910300444,86.60950438802513,132.46366382177254,39.25901725361468,38.95320806947719,5.898470238101931,0,0,0,0,Low,4.150652262269905
Wheat,32.52038042220958,52.8866822060577,60.26505932361524,79.23909989428513,79.37020717105469,51.93720572071959,25.730329422122324,7.696846706898311,0,0,0,0,Low,3.7069675294744
Wheat,13.06709882008032,80.1709744575612,65.51130259090456,42.209781662938916,99.16223620448059,37.07645101998362,40.1669851771357,7.040264077840463,0,0,0,0,Low,3.228223297136714
Wheat,22.933281986096638,59.569129117588446,53.9557656659766,66.0736825579306,60.54098227265128,45.478375679996134,31.60444846143345,7.074825383554944,1,0,0,1,Low,3.625571711517119
Rice,22.308818065977874,143.11439024323963,83.48483192901658,74.08459120129807,102.4262671395942,24.632838633172582,31.49415158443143,6.373950250107605,0,0,0,0,Medium,4.3262624119163915
Maize,21.672201974548326,103.00564368408276,66.00877583516375,99.48347185428875,79.9809546147861,53.08046029405931,51.795721457307124,6.012426985065702,0,0,0,0,Low,4.521917112574346
Rice,18.29844764501598,88.43729170377976,89.50885560102861,61.94132880484249,92.01698504336093,34.56973641284285,61.09722755406187,5.434856697549334,0,1,0,1,Medium,4.166095293572563
Rice,28.301258897585182,169.01660307803968,76.15903349498001,68.43390023623026,83.78347052435424,37.00070592755771,31.626128726934823,6.453959092109153,0,1,0,1,High,3.8482068883032983
Wheat,24.581579271813634,78.06768064716721,63.85792083875508,67.15427884302827,67.30620674606394,29.667419433661983,55.57376365032708,7.215811065861654,0,0,0,0,Low,3.4817401657005744
Wheat,22.28639425826207,62.35804937971455,90.11224992642985,71.87816409009245,76.81494990510711,28.815324799153917,18.20680771985473,6.297988478031945,0,0,0,0,Low,3.3596813031925086
Maize,8.336360270579624,52.85508867284274,73.77448556118561,83.08442116929255,111.82974646816984,29.813654720805737,19.606037323359438,6.554401703956147,1,0,0,1,Medium,4.755229544641172
Rice,31.800036103151193,140.7245029898048,89.13580876348607,98.7323848655629,91.99187455429661,43.320423177899904,50.06508966508357,5.35068538095702,0,0,0,0,Medium,4.113632915317747
Wheat,24.679887131442225,22.233352687715268,68.98951762939468,62.369631476428765,93.55947684339769,23.847764292514576,46.95133745517411,6.81749673343568,0,0,0,0,Low,3.60402066596816
Maize,26.735534293724427,76.10540070943988,72.13498992188138,58.30349578174208,107.3253714974759,30.76136230530046,37.32969674146876,5.914933551783455,0,0,0,0,Low,4.675747203066998
Rice,26.41032716850452,70.22471470623891,93.88075900354382,88.98185410999608,64.38211606510244,38.341564109733646,25.701306217591856,5.702242823181926,1,0,0,1,High,3.949991086392654
Maize,18.238630205980975,91.19406122216319,68.90906549842678,74.75301766937991,121.23946592885798,30.369237103064627,20.74474829075261,5.9194505615653155,1,0,0,1,Medium,4.572792703769746
Rice,27.3339279621007,109.95314273993225,78.22726588867108,92.25754132923937,104.09903259100685,41.73967604242617,40.696693573970705,5.67346896042199,0,0,0,0,Low,4.407930371023472
Rice,27.884345263656616,130.59808266694728,97.8412893699442,76.6539645856916,82.82493856293314,58.208463896197344,37.59842049355657,5.013073693835073,0,0,0,0,Medium,4.320500766056502
Cotton,26.7539552209163,67.44144097954128,56.430243408897,55.40447681954623,120.50103032090789,29.53720439793444,40.2352152246566,5.898504079665132,1,0,0,1,Medium,2.8093773267595235
Cotton,27.983788574092443,42.51597683776406,73.65098519633239,80.55097452650726,72.02264487106605,34.24197255095078,32.08382807947552,5.3770458223666395,0,0,0,0,Low,2.7075279850886003
Cotton,28.87934628248485,44.622078896845764,70.85640787320064,72.83324105963527,67.11766930544772,29.995150107635265,32.75510562348253,6.0608000764166,0,0,1,1,Low,2.7040697309630763
Wheat,24.142004911261154,63.65667847927849,74.98688981850167,75.42789830041599,98.89194887574803,31.18288309595489,45.173940656343255,6.80867978258082,0,0,0,0,Low,3.5874669642760617
Rice,22.35790688908429,103.35543877398317,94.42256881293451,87.28029821771858,148.370186330973,41.13033984039101,28.66786592354402,6.214329168207483,1,1,0,2,High,3.851145075656873
Maize,22.841805581594947,35.29115037469303,77.11915533673015,70.98834683907918,79.30264367861128,54.1658808696103,23.742343369976588,6.269341937537081,1,0,0,1,Low,5.076149980889829
Wheat,20.52573633553203,94.17824268526613,61.699547329966215,37.505715791870244,94.40896835178751,37.613471439840154,37.32859892813459,6.0104054714137085,0,0,0,0,Low,3.5702279863831152
Rice,24.52362680769561,100.22428590536286,94.900019211853,77.61668893512832,104.78480278269978,38.66447101122505,45.716987106483444,4.5,0,0,0,0,Low,4.148800274227149
Wheat,24.63281906164988,27.59314669980662,60.211132471864445,78.6158067542255,51.99382429118188,33.54843626550172,11.048424773200146,6.839795640735411,0,0,0,0,Low,3.6784976603469777
Rice,25.431065395164634,107.31633050499457,100.0,73.17547423173926,101.87483814016797,45.870374824719626,48.30283454031842,5.931334037464582,0,0,0,0,Medium,4.018253191759396
Cotton,27.41087812253613,45.23099298029308,68.93229322977447,55.15008419226431,65.40225634827767,34.08362577277821,31.393425936212644,6.748894190501734,1,0,0,1,High,2.772275921112619
Rice,31.986822675318823,92.12206960323832,70.41242880508977,87.19160857593855,86.00229625260467,59.22628218480108,36.09317599236653,5.919588080248848,0,0,1,1,Medium,4.4532985709109685
Maize,28.333344881013584,78.76765661992314,70.7424838946251,58.26618758585306,91.55618782310287,44.04305591427771,25.233394918223343,6.6676243785183,0,0,0,0,Low,4.635620137724084
Wheat,20.711377440331532,62.23277302667657,72.64112829658814,66.8203582317541,109.04680284305564,40.08180871362582,29.558433647093512,7.230247942558597,0,0,0,0,Low,3.684609062130723
Wheat,26.803904377689182,49.2492016509873,56.684582335580075,63.80749938183951,56.995593498145226,21.20633355970748,23.148365010001523,7.5539089985193035,0,0,0,0,Low,3.737734844681432
Wheat,17.90332344670024,104.5535877175748,64.42685478140515,76.72648230487391,35.01069713227568,56.618483153316674,18.10427533236404,5.79503068917371,0,0,0,0,Low,3.610126754290517
Rice,25.862914403995664,123.62585965341913,88.08380604084527,75.16654968323287,94.39364251564311,33.446866352084385,29.294273837382438,5.258650193589123,0,0,0,0,Medium,3.8748964798286605
Cotton,23.54667338543348,88.69696613574075,61.52903535003273,43.26268909692536,85.90093778244193,25.28489990622728,31.053755061459597,5.766285977794988,0,0,0,0,Low,2.8337885151482305
Maize,21.39466535162623,73.40114466033555,71.53136949509394,72.07941999869914,109.71076112207065,43.45574397292176,33.16058189117465,6.520655718979789,0,0,0,0,Low,4.648347418584677
Cotton,24.76716730493861,87.6883362927777,77.72516279941107,53.57575482561958,63.87716876361037,36.510947460014215,21.646529467402427,7.679832020275364,0,0,0,0,Low,2.933905106631915
Cotton,33.51062996931764,103.714724370579,66.94526346800909,34.94578059960519,102.27088486090338,18.832201551142536,33.14383494054847,6.498853911418899,0,0,0,0,Low,2.71407886516896
Maize,26.56042385633374,107.82472570882783,67.76061603887402,59.313083885187694,77.52974354892442,30.8671894237642,29.50722454933993,5.626832853280758,0,0,0,0,Low,4.876032552140472
Cotton,32.63978311294624,70.38793887262564,87.29641544588479,64.93939503071654,54.89314137649631,22.898787088479047,36.949979007768746,7.570598560633121,0,0,0,0,Low,2.858524362958068
Rice,29.42440196600866,94.74518095225395,66.44914053404521,80.54041236054117,92.9979308957234,37.900144265785165,30.644700574102334,6.47985124636574,0,0,1,1,Low,3.8748864144410717
Rice,25.431065395164634,132.16171995376482,95.49755065967167,79.1278063140928,81.51477366867566,44.02808478320161,32.72530676386144,5.99892212198301,1,0,0,1,High,3.8539327056653203
Rice,18.737075821035166,126.17580919207596,58.31820347752269,61.449500907391894,101.99441488155736,64.4369956568951,37.939290884601064,6.261169925948403,1,0,0,1,Medium,4.284661729571994
Wheat,23.557984528152694,68.19107049219286,65.40009789202105,54.39315409915115,58.617569444442836,32.82285548946994,21.634240836437026,7.422187683573793,1,0,0,1,Medium,3.660240486469558
Wheat,27.25593397057791,67.27182673974097,53.56980144414825,62.15528929765071,60.82795406464329,33.25297766080799,25.904877978407168,6.597165783358005,0,0,1,1,Medium,3.517284440461748
Rice,18.88915991627602,100.77635053376638,85.22596245546853,34.67593192210913,100.09938953192282,34.86046295549694,43.40112711683127,5.094625758383162,0,0,0,0,Low,4.375912602695178
Cotton,28.669003557409503,60.58410863540313,60.67283344863059,48.7989600468859,69.01281726625788,35.53374600137939,31.605739810498648,6.501675311084378,0,0,0,0,Low,3.286107513930759
Wheat,16.30212222000784,50.40286927869533,78.88306382110345,60.07238778716291,70.87205790561305,25.46062331241731,44.07809308461002,6.525842483906325,0,0,0,0,Low,3.098375368529676
Rice,24.54189998286383,123.61968811885602,84.0169591175707,55.81632646838807,94.72442271488607,47.213623496409795,39.19580368414153,5.264812082515144,0,0,0,0,Low,4.1482109116453945
Wheat,26.25697974817589,36.016082547489034,63.10559663862861,27.45954515682925,64.25323315862985,15.51263842267198,34.84889892572199,6.813901624228124,1,0,0,1,Medium,3.793542615875196
Rice,30.050666421026712,104.26594902079454,75.33713584696328,100.0,108.35771669616753,44.69363322365843,51.01741289398798,6.658831158199769,0,0,0,0,Low,4.4508857026456905
Cotton,26.96957712329389,69.9809424283723,58.99697652522701,61.55442123568064,61.55513080219035,45.68930192362347,20.190825570397024,5.7696450605719996,0,0,0,0,Low,3.0048519076080806
Rice,31.482214586126172,98.35050805147186,98.51467017151035,56.67283999887235,89.19176290084155,39.742502851904575,51.281941418490575,6.105926505170363,0,0,0,0,Medium,4.433009132355307
Cotton,31.356105629771818,81.0554418102594,67.95130340503626,45.19395197972632,86.02277513394996,32.10666857295059,24.05223745444338,5.79528627958773,0,0,0,0,Low,2.807045721112788
Maize,25.383330140140952,89.94621867586453,63.58614817574168,77.90710232539618,84.99180915184459,42.543219554394696,33.51308873816453,7.184040066810995,0,0,0,0,Low,4.848418314293872
Rice,28.468236018810085,115.66685646487552,81.0551742531043,76.58442374946928,109.62840966159192,47.20119462412359,38.30478850265665,4.979435119440744,1,0,0,1,Medium,4.607598199468132
Rice,29.54479340534195,76.26321929857201,86.19274223371056,89.30012431656799,118.21554957348943,48.05863216142963,36.615440160162265,5.126635970040849,0,0,0,0,Low,4.05966329718002
Cotton,29.172982749176832,37.18882487395125,79.91154329541236,68.79755936307086,66.73645211407336,24.007989521413602,32.77983064742708,7.300145854745459,0,0,0,0,Low,2.9544084747715695
Maize,23.455733331264984,81.22971376595461,65.18795869644248,51.6876173329685,101.00286444089988,36.644501631174094,53.269638512334055,6.080200097911969,1,0,0,1,High,4.552442151222653
Maize,29.249468659396527,59.39404829019919,60.80661651477,67.71674765316591,127.85652742232097,37.33584495403092,37.26449022823462,5.9216344368948945,0,0,0,0,Low,4.858488204090602
Maize,27.50262484274987,59.873914240772265,69.96288096847952,52.72701674866539,84.93667679455129,35.92094755605452,42.963874474567156,6.82541786471378,0,0,0,0,Low,4.603971918047995
Rice,23.20532728067816,112.02465629609532,66.97991775588602,85.20089370130025,98.41726105182435,47.19082259573765,56.618057836696316,5.207820406926178,0,0,0,0,Low,4.3545732552875
Wheat,29.48063837670574,88.95135762198817,55.684208233820875,54.667258673205886,82.53595244440167,20.084045709934337,35.23167714184781,6.618818577535732,0,0,0,0,Low,3.602529301122617
Rice,26.13550026275352,145.59099518729641,81.43191429318406,61.328804817983475,98.70235474929231,38.593913533381865,9.287173370425386,5.711502300572944,0,0,0,0,Low,4.1961576800736875
Cotton,31.447361252731106,94.99253092545476,61.759588748053375,56.49768885280071,60.1963134383819,26.55807681364126,27.735211080984733,6.702051028748898,0,0,0,0,Low,2.8575138948715284
Maize,24.457399294602794,47.11741938717725,58.70695191790696,38.55751274235957,92.44739280051346,40.78597952123868,43.02406569151065,6.353212442227514,0,0,0,0,Low,4.504635308023566
Wheat,22.32101069474983,25.155200298285088,67.60794369472768,68.9964497365029,50.927627313700825,46.482654190114545,24.654084232019507,6.254361159642091,0,0,0,0,Low,3.5764184486520563
Rice,28.707669257244785,154.85310587705737,72.88081388375801,76.76028322442717,72.20587089873732,41.47814447310989,33.516197809461175,6.905505109115001,0,0,0,0,Medium,3.996026106893538
Wheat,20.17696601502822,85.24728122126007,59.20888792684721,52.310537313131974,71.31061660072342,27.42004252567159,33.22670315994795,7.593573152158259,0,0,0,0,Low,3.6401676860522643
Wheat,22.428623706289905,54.297793117846034,59.90555705744882,61.08434861795006,81.50024727787837,43.931563032894914,22.265532586005236,6.697031443001157,0,0,0,0,Low,3.3233494518539786
Maize,28.136530205588414,57.30083011814213,81.88052872286113,93.09946664326318,79.94820587814247,51.52914725561602,36.678555105274036,6.769025521317221,0,0,0,0,Low,4.648775529969337
Maize,22.805039228917092,82.63536073852127,64.32711223073697,56.802389082368684,93.36368025479413,46.84814268841217,34.00471326670591,5.660245796420498,0,0,0,0,Low,5.022995758565186
Cotton,27.64161373939428,77.95217951749414,68.71137806928414,42.0640970777968,72.63140322991812,42.871569961118766,41.87386051564751,7.924260003110238,0,0,0,0,Low,2.9662519562816145
Wheat,22.219385424807868,61.69224423017528,71.8586369333029,89.11814238198785,74.53409257026807,18.402512163209092,30.34600981856488,7.418283454529954,0,0,0,0,Low,3.454441025743679
Rice,30.782790119270487,127.02813850043034,77.96493147003844,74.41601851245458,87.9483533172112,33.698308339513474,54.15375689469442,5.622723741933763,0,0,0,0,Low,4.385945697123692
Maize,24.170776963307006,74.98198102748987,61.30927042351194,70.58651970473319,109.5041345979044,29.907574257326935,31.97933255483329,6.5883455727037425,0,0,0,0,Low,5.118536371008618
Maize,19.498509039274914,57.08961064845327,71.97539960133558,66.57500817814592,94.31134178692406,44.40268417132897,42.3472146856177,6.910334913075923,0,1,0,1,Low,4.761048649939071
Maize,16.328046506404544,21.90619343427288,82.10657367437442,67.11242639791625,92.55286265677144,39.428985424502685,34.12465879945127,5.781589034706314,0,0,1,1,Medium,4.604726377364014
Maize,26.308976091792374,66.28997309315382,76.76904232414358,76.08215721331254,71.16210336319728,49.773839045575286,30.64036554885952,6.744431789054629,1,0,0,1,Medium,4.728427679222929
Wheat,12.516599765904973,48.4821162428046,76.57157437744969,37.904344915862296,98.90199072996046,28.224439007212744,36.28312962473496,7.194524642528121,0,0,0,0,Low,3.49773033750169
Wheat,21.315234734009316,80.56132265738019,70.62205881008263,48.089702987141386,97.55355733608374,40.50984752945861,33.89581616598743,7.2505753509119275,0,0,0,0,Low,3.487124478474554
Wheat,24.986114119207738,60.0602095227824,55.75640130229917,93.57803601812016,101.99240994533864,51.74623174745249,21.855811228320004,7.130578633969741,0,0,0,0,Low,3.487555085404273
Rice,27.554421630530186,127.13267827289029,100.0,78.65403669558681,83.79231148877986,43.75146709713518,30.57529414301952,5.073987618828611,0,0,0,0,Medium,3.7736679129248007
Rice,29.034150050635958,87.71867356564715,74.63648785684194,64.5850106536737,86.00229625260467,42.06181429445133,48.8447958307307,5.482358448570845,0,0,0,0,Low,4.266895108663834
Rice,27.959384827069602,98.45667470174598,73.24371557516162,73.21419096500072,114.36812849477477,37.900144265785165,57.01190685753008,5.766636552401958,1,0,0,1,Low,3.795149131228103
Maize,27.741071701784644,68.00747674925769,86.84456119037416,76.58032343005135,104.58245832838621,35.118649107050835,37.44867664657556,5.961874924163695,0,0,0,0,Low,4.620900493326034
Wheat,20.049913925275376,33.28205040267395,68.84537071254645,60.031145493615426,75.95259232745458,30.149976772588865,33.68654671966728,6.943067357263176,0,0,0,0,Low,3.711190526765111
Wheat,22.71692353165199,69.00511916808024,59.8073737260082,62.87526506428216,49.452247070247466,30.18987514216372,58.781098736383925,6.432891853150131,0,0,0,0,Low,3.400338739710064
Cotton,32.362557402370314,77.39827596117706,83.52841981870463,48.30659035234295,54.51453702838336,42.27238756249001,40.005823180429786,6.131158885007845,0,0,0,0,Low,2.7149768226523463
Rice,18.739540652120834,140.76740736507395,90.5752339996442,100.0,77.2378511766882,55.33820244254211,35.467450899747895,5.132047395586036,0,0,0,0,High,4.324515730541549
Wheat,18.47024388039764,50.39711877762039,59.13542926854193,36.74842711668575,97.36732939575424,50.54024541193409,19.65651128120078,6.374144657465909,1,0,0,1,Medium,3.2815282415026457
Maize,24.02471647609527,61.53448419791367,74.50184226356967,63.46807339947501,68.23338139544475,36.74369794690689,17.962185782218217,6.104756993737691,1,0,1,2,High,4.6122673877937315
Rice,32.27906086913988,123.13212822835807,86.92488618391306,76.39046783993656,66.72422926276701,31.859092779811753,26.060749936009444,5.878618702120039,0,0,0,0,Low,4.380922167426393
Rice,22.214690970430723,95.78498805006822,72.48456851016108,59.078177495173364,96.10008096861299,46.44556684794348,47.61421685367543,4.796401774204593,0,0,0,0,Low,4.086192990853649
Rice,31.95431835749357,158.08364399285307,87.46369145560173,59.55675608321375,86.62441177795904,41.04646481126278,64.44343347017035,4.973366319382666,0,1,1,2,High,4.3358233508492745
Rice,25.37206619023434,121.16267055732789,91.60486373762812,68.01771877964677,92.75687966857767,31.446675520325314,37.86528178334842,6.014787593660751,1,0,0,1,High,3.9769958227128788
Cotton,25.319524176804286,98.23763804975798,98.51523387025993,25.964886790319568,95.00902256318894,36.009150227162436,29.451059993837138,6.657054741171711,1,0,0,1,High,2.68052593763864
Cotton,27.391355535728383,90.07846432403227,66.11510941838945,92.99866606427952,111.22714552974955,31.827270306218146,39.51960363509802,7.105635669236007,0,0,0,0,Low,2.9720185575475186
Maize,28.28906270419239,83.28787924214045,75.67796115826454,75.87643680271995,76.45333128598686,43.887302902065464,44.00409525227683,6.7148602313974655,0,0,0,0,Low,4.793762560220132
Cotton,24.308914017480845,67.47138712222672,46.04185756708698,33.396000411620264,72.56114158095346,29.06404295355709,31.067871934741735,6.4258772814866845,1,0,1,2,Medium,2.802176645950547
Cotton,28.00542463913001,50.02405011649981,74.31327151389215,67.88868502648607,47.063922441358464,27.13547699290407,22.308576502127018,6.269341937537081,0,1,0,1,Medium,2.914739294696426
Rice,20.066431309061098,112.08463305007828,82.25452595407985,79.18344144897763,65.2474634389001,52.82801381787724,29.453270550285833,5.984270418894357,1,0,0,1,High,4.317727341626377
Cotton,28.943467368735817,57.18400391609496,53.29099180325085,70.10683894955966,84.57443984841194,38.54923143249964,40.6020990749888,8.017813021401093,0,0,0,0,Low,2.851080089242041
Wheat,22.50857409181477,34.15517303057696,68.16916879509316,52.6071495166765,97.19173482994657,26.704176942716515,23.41550059625314,7.319073274072189,0,0,0,0,Low,3.714399740622149
Cotton,29.181525980508663,72.25897805008597,62.48891032760664,70.76346943251959,83.02836729872001,33.07100422360753,32.653623493996285,6.17948273831363,0,0,0,0,Low,2.725462784221181
Cotton,28.861781224567288,69.50415384482574,75.64332997883358,42.169194743612685,79.65945298424334,31.437852678946747,25.618901757564053,6.57687733337143,0,1,0,1,Low,2.4199213355960576
Wheat,18.522584177287875,28.14432662988851,66.37441649300781,54.37789703529034,71.84152863758575,49.072207810236705,35.2674476460232,6.865260897785956,0,0,0,0,Low,3.6211664501350467
Rice,31.369235991195875,150.24957096335203,77.40240145777491,66.8699079651354,117.94265375528326,49.29056073647422,48.75175935668459,5.047212501042182,0,0,0,0,Medium,4.22145150460436
Rice,24.551486990486133,111.41855606640952,70.9759379864038,78.61378763093582,108.33483821756226,37.38107790175573,35.714000846599816,5.253107843965318,0,0,0,0,Low,4.177005051137914
Wheat,23.42127774081814,54.08302234742234,70.37948569725351,92.26861945749857,98.96502318638588,29.48883472016741,33.207568061894676,7.551163552265909,1,0,0,1,Medium,3.601804890245852
Cotton,26.406816800765395,55.38076099626818,81.03922166644706,59.527844428929804,53.69607263822978,20.79227260822804,31.647608412365166,6.52798823602081,1,0,1,2,High,2.8785577232244814
Cotton,17.76926683398113,47.40165008705101,62.024135997412394,52.062568289025066,62.623583234176294,26.826974767760362,46.71482891182092,6.4408424774776005,0,0,1,1,Low,2.8562680922999606
Rice,21.32925855672339,101.4400490231315,78.50513393568143,72.37205429514094,118.06958831006784,47.019219546526124,26.88542043062968,5.935577628137603,0,0,0,0,Low,4.307491327866568
Wheat,23.873330372675184,49.791090734790686,47.807175985548774,58.05531794328983,85.94117001462719,41.57933699156224,21.109198838521955,6.614298189118994,1,0,0,1,High,3.4891746293428296
Wheat,20.144824342493276,47.136200698170605,83.10133322144183,59.29412477356388,40.18648559606888,49.80090331166693,17.76042847549855,6.553341218921072,0,0,1,1,Medium,3.5706298566045214
Rice,27.21582650691696,122.30056499168734,64.20900754880576,71.64335382827954,82.1004823390596,43.41349123268497,39.62744414846396,5.822758478922216,0,0,1,1,Medium,4.118863834646204
Rice,24.113308909300606,125.73319026716362,79.90005829099971,100.0,107.95564295866727,30.360543379159527,28.435636231819913,6.059823452834207,0,0,0,0,Low,4.106790930482815
Wheat,23.828813547785472,27.073305454456698,56.07389469875443,51.56492933227697,88.4522927302718,42.42693149748084,30.461739728016333,6.2198886777932385,0,0,0,0,Low,3.4261530464742105
Cotton,31.348863871749714,64.01306818920173,78.53434435500313,48.25940442517861,101.55285408124547,28.596187908351652,11.334600486393839,7.054132529410307,0,0,0,0,Low,2.6232050384780643
Wheat,17.80463496431803,41.850390697871966,68.35833135149419,39.10593504916682,83.85026962762667,34.29527696116605,16.597523679689232,7.790862429168442,0,0,0,0,Low,3.3073504752851868
Wheat,20.14895824150335,75.27630246233811,84.62270423272082,60.08676319433699,53.87883757907194,35.89119946938551,19.476065555868807,6.899997535443733,0,0,0,0,Low,3.678845917918153
Maize,29.695332910135342,63.88648939308762,80.53500419028211,57.82149136975829,106.66685119731873,46.66531781292743,26.478211932606506,6.532460286025882,1,0,0,1,Medium,4.689576119161331
Wheat,22.564544175922514,44.280971589501846,68.37567659236827,51.86437881257582,60.429573100469554,26.22757384003333,38.79373282956503,6.0681632806627395,0,0,0,0,Low,3.347194508563418
Cotton,31.886184966609658,80.75215104509823,51.50993016932056,51.09604897625015,102.27517375068292,18.519077041469636,24.015740646564396,6.6257170901348434,0,0,0,0,Low,3.0980623963146217
Cotton,30.927025416412626,34.932233361284005,53.02133309954146,73.77921426584378,69.08851710485767,36.25180185626525,49.95667489783965,8.210455205802948,0,1,0,1,Medium,2.9606311255942646
Rice,30.672327795272317,113.3673584719134,92.16578006241492,94.31196261047245,87.39259590701195,48.08938214954263,32.640408545907086,6.097013327389307,0,0,1,1,Medium,4.2469841678962235
Wheat,23.059977897683485,91.83883353364581,75.35615821151764,61.9160597175643,60.349384229492344,32.51610267773039,38.95537757565778,7.16700616090873,0,0,0,0,Low,3.6324092408291757
Wheat,25.431065395164634,32.96838431688829,82.5160894392503,64.8981113407129,112.74601729939498,36.35942757493221,29.620564526529254,6.847963237475644,0,0,0,0,Low,3.3904686749632273
Rice,30.12065510361297,106.37572192177915,88.78706544534367,93.89904576069932,107.3042478176086,29.70639859919519,50.11943985386401,5.943687792178621,1,0,0,1,High,3.961881915060665
Rice,22.488876307773474,90.76054964576234,65.33395122748784,96.7467105210541,116.9194727417216,34.18403073673066,31.147938021405942,5.716644499744511,0,0,0,0,Low,4.3421773144441245
Maize,23.298458199284998,59.93767947720678,75.519610097843,67.40027338779181,108.1131786862443,53.03649306903634,32.40231354210914,5.570673772654879,0,0,0,0,Low,4.468358685372669
Wheat,15.022582718407271,56.70442181221906,61.25303106229889,84.70396961979168,68.43036854692596,51.31368963378661,33.87571070089533,5.786316260511468,0,0,0,0,Low,3.3581099242639056
Rice,27.932702982295247,116.52557541479752,83.94502959353338,67.1739366999412,85.15975847742922,39.55510400706552,54.734520902985366,6.537253578484691,0,0,0,0,Low,4.354078192419439
Rice,19.912592387551392,135.37337231186325,65.09824023561839,87.83402141324262,91.13161360729859,44.4911410439276,54.64317098124635,6.198598121841842,0,0,0,0,Low,4.227556832650365
Cotton,30.57425848771365,66.63179762601516,60.32515045922065,74.86530039805754,86.16290666608481,24.82302095177096,29.76447849125762,6.40410515815344,0,0,1,1,Low,2.754081580127288
Rice,34.54858318640673,104.1661863647286,81.04568674396161,78.2371131616776,123.22831566055372,53.613313099752034,33.87571070089533,5.264716727645106,0,0,0,0,Low,4.035566628533903
Rice,22.87713638033441,96.69991141893021,74.12664011978173,76.99232564925967,107.27693718282715,55.38521539802335,32.19946758629957,5.931672475294457,1,0,0,1,Low,4.16802487914271
Wheat,27.37659185841732,69.9894690700834,86.83130915398733,64.31505030596615,76.66926699210553,30.42399892480484,33.53831916078257,7.121557052461378,0,0,0,0,Low,3.6821117094849733
Cotton,26.96110131769854,99.97173459306276,71.62210485334772,37.92091300415127,65.09450522633992,49.47440115586567,49.92515353168118,6.078338876719158,1,0,0,1,Medium,2.4588176476868684
Rice,23.893260182375958,115.09004616886004,81.81810674727612,89.89754050189647,99.537086168695,38.61480857123278,55.492242025271544,5.239962695619474,0,0,0,0,Low,4.231567303544466
Maize,26.56775848748789,93.30006253172294,63.26539592041475,60.030374252250155,68.46729052195963,32.5713052301894,65.49094425308725,6.984573769405232,0,0,0,0,Low,4.9289775491817895
Maize,18.84507801900486,42.005802256134515,70.09942005163538,75.61454635562731,107.16778130722429,20.73760709099819,21.99326008881437,6.307882632914286,1,0,0,1,Medium,4.798165909277055
Rice,36.25444604173293,90.12045442282985,71.80980757020308,85.10448115217181,104.99922763416046,33.73182139662515,33.82633186394916,5.6377005471691515,0,0,0,0,Low,4.451067873506209
Maize,22.735411587277866,81.34925455744599,66.83317692914576,53.305155793089355,89.90349062999834,26.255020697757633,21.82376065815228,6.629922614909605,0,0,0,0,Low,5.139168049203287
Wheat,13.863075094929187,13.64166352694101,72.28575595107995,90.06447763057673,64.37073082622541,40.81166177510192,5.642522609831222,6.701856528628439,1,0,0,1,Medium,3.28624871210117
Maize,22.489210522861253,54.63220207469827,61.133256853752144,71.50234576172784,79.48867439770642,28.4401266303316,34.679129944808565,6.397215136316127,0,0,0,0,Low,4.559799067473867
Maize,30.588797574385968,93.93089301624778,89.34482532614646,69.20954606735205,94.69789850692354,43.502432761011356,35.46879346982455,6.972962885330245,0,0,0,0,Low,4.689572763775277
Wheat,20.594438665540448,77.51448279580282,60.3198491359923,66.57500817814592,75.03736052742441,44.46626529440414,36.961649055979365,6.724347385342012,0,0,0,0,Low,3.4768846200466106
Rice,18.555512822811565,128.633651811255,71.50339058279171,68.46956416761556,83.76178298516197,40.33927178109735,31.952553354617873,4.586938668595511,0,0,0,0,Low,4.521843455215675
Cotton,29.208402939091638,101.28620385208775,68.56112783615261,78.94895337371895,89.52035526050531,39.61664273607528,18.557385686082917,6.531509694949159,0,0,0,0,Low,2.7439029826666443
Wheat,22.334589953133428,65.19006549588687,71.42439540787173,64.95938398446809,110.59923274237485,45.64388837011397,33.90635591265024,7.217720819422116,0,0,0,0,Low,3.735592985609476
Rice,24.163593843361586,92.82277950353713,74.4387725670023,66.628720099692,110.31165802008051,40.58932131795952,24.276253997005945,5.817074693769296,0,0,0,0,Low,4.330821936725783
Rice,24.039744507665382,133.79955499546554,91.7927225092016,61.6209914940703,98.09310811628356,46.97926097986306,26.24405394375148,5.3077115867478675,0,0,0,0,Low,4.254273234065525
Maize,28.70031293809557,83.81792540776674,78.35501116535846,75.68942725769644,70.91036211893625,52.9126148169791,31.399237458665013,6.2634868103255155,0,0,0,0,Low,4.466783709460795
Maize,24.429048897485888,66.20413924619052,66.6774995056115,75.18714163157293,82.06993984575236,46.58683633859466,39.35058029084117,6.473885776450528,0,0,0,0,Low,4.6269628110395224
Rice,28.658703731040912,121.94595587258083,76.4583145748567,76.53994772005976,116.86634702409893,36.6218822780973,19.8796109887038,6.152293475397069,0,0,0,0,Low,4.408564776989909
Wheat,22.740638343101413,79.00156935409127,79.2608050071768,92.18405668551148,84.48755472155112,45.40579626676278,33.44887833096891,6.713146673806726,0,0,0,0,Low,3.4232355882176275
Rice,30.166387271069286,118.50149679730633,88.1652953868543,74.90278522234729,68.5255085298812,43.270523688223875,49.184576448478765,6.1021236045070255,0,0,0,0,Medium,4.057701983282472
Maize,19.234915858245298,104.59659485417717,70.04065239032631,94.43880785796192,106.20633463735041,52.07328323977793,28.575157674616158,6.033081790547672,0,0,0,0,Low,5.042096113970269
Rice,31.286692775920077,125.421249008109,96.63953898403884,85.84618506003592,110.23732565109208,46.4978979464642,28.1973882370249,7.484070830973421,0,0,0,0,Medium,4.093921497522797
Maize,31.899640642419705,106.60643395472684,68.34078517276635,58.012916463227555,86.66894381904893,35.935064714563396,37.950249840281266,5.882944862111825,1,0,0,1,Medium,4.636701166215671
Wheat,20.25088892294147,59.6613309303401,78.95609525327536,48.56665859680498,85.19577075453472,36.672986411297714,43.92496559031471,6.633937496233747,0,0,0,0,Low,3.426810531305244
Cotton,27.20451626597898,33.93039742499757,60.86636957293362,50.63269379286843,71.38876445508316,31.826522987162992,29.38235800139871,6.763692834947335,0,0,0,0,Low,2.7202589290952264
Rice,25.283141373637925,102.23683966693892,69.47575889645418,98.53882196132814,88.17071901825484,44.98858724247966,46.811833430420066,5.590867144238388,0,0,0,0,Low,3.8204090892868714
Wheat,19.381666473963918,61.624361462218324,97.62337030378546,64.75751774483757,86.29640044222234,26.963508628421906,31.04535752910927,5.7230645165934515,0,0,0,0,Low,3.1368886907653413
Rice,29.438289402013428,151.10550986001462,89.49859758894185,94.94210384015919,87.54581897698017,49.25301205693044,50.23853198573728,5.8752520063192115,1,0,0,1,High,3.8056985455601056
Cotton,27.764179972401386,105.49032135762081,63.31795589697365,76.70337573302079,93.12608698704555,30.701436816687533,12.96128413173281,5.991543706528745,0,0,0,0,Low,2.607312433642006
Cotton,26.419617091883055,127.06283323740962,71.26795733910123,39.50096760554685,38.259837425743676,41.77412642112696,21.076746098115535,6.721148542011617,0,0,0,0,Low,2.704459144920286
Rice,24.532790422837152,133.33334605916676,84.42595569715253,61.4270581040622,116.92326474150005,37.38123271937943,30.820811092523982,5.673211456150862,0,0,0,0,Medium,3.9503283339823225
Maize,20.92924052571347,57.109757239485745,75.92811103658107,59.590281319007126,93.33132648515824,43.37695261441446,49.54019142371523,6.678890012870396,0,0,0,0,Low,4.599432035998435
Cotton,23.785721313446818,53.308849757684506,61.93938079752988,62.3828909248956,35.711837800150505,14.913698626284404,23.931348221428244,6.751727622329454,0,0,0,0,Low,2.7848016283123416
Maize,21.302850777718565,47.57992141850961,72.43640785606235,100.0,88.38304786787315,47.980591235990886,29.49167274370037,6.301015275377053,0,0,0,0,Low,4.77489587212492
Wheat,20.79519489614441,45.666800665243045,71.6245960913031,53.452506076418615,52.690873459909774,42.75521250769589,27.83805595114746,6.078461863527803,0,0,0,0,Low,3.483893566539752
Rice,30.393374266307124,90.39796859956385,83.25256340340653,89.14289219365847,83.48014729800592,40.50400663760865,53.33854941032175,5.875814477684431,0,0,0,0,Low,4.195072945818705
Rice,26.476969305951187,119.72369002975158,92.8399465417674,100.0,110.64478266494413,37.900144265785165,29.10759171771676,6.325415307030764,0,1,0,1,High,4.261868453244364
Cotton,23.102562308369258,39.85384909123741,55.207167012863934,56.37110543931334,61.23681617717154,22.737595782153466,25.315661517196332,5.864917891551924,1,0,0,1,Medium,2.594544890902569
Cotton,28.383442523352556,10.0,46.064794319133455,55.19655762757023,97.70790129784268,40.9966661748806,34.66670981966081,7.336553424937659,1,0,0,1,Medium,2.574216099569439
Maize,16.31676982855206,37.82116204487424,76.53319407864909,60.94760011426004,68.12059700479148,48.31573412725963,30.977248254921136,6.0289846338432564,0,0,0,0,Low,4.633810832039344
Wheat,12.807285147531672,60.941261884611286,67.24502549305984,33.31617536870335,55.37032930100941,53.88548399307727,41.113627221747215,6.758164585199315,0,0,0,0,Low,3.6697778265439474
Wheat,20.02468568518092,73.9049034047054,73.5700367527888,69.00074351007773,83.18993813129033,27.79151308061484,21.719035921780698,6.646584989408672,1,0,0,1,High,3.599826280077154
Maize,24.324165875776853,67.33140266217467,70.8522857037075,50.72122309966647,92.63954572256951,28.82415482066538,39.341764172448976,6.214607523146388,0,1,0,1,Medium,4.803752960083714
Cotton,26.06178384792869,64.78668252896233,60.682027281112134,59.942506765121486,48.63025628734182,31.894764724199923,15.83566371803806,6.85925621081917,0,0,0,0,Low,3.1117457260053425
Cotton,22.207763941370875,37.26339992751419,75.42216736121249,49.246010104809926,48.65177064141683,8.510599617004882,25.48841141591001,6.803457439951006,0,0,0,0,Low,2.4216592357713336
Maize,25.848429853091478,67.89032539225795,91.52891987003602,70.04106751888503,87.51702681323692,35.375452448415054,24.526780323516597,6.128168014677723,0,1,0,1,Medium,4.7446196222090045
Maize,19.667703456219243,67.45455184668697,71.72670257065278,74.15324254383833,77.44243714784916,42.01794763861714,43.14609790636618,5.172532296782387,0,0,0,0,Low,5.016247255033946
Rice,24.90652410021864,108.6465033406113,62.343596955261674,61.960697168717616,115.83223361102421,53.57937632457862,36.344718486466725,5.426338486606507,0,0,0,0,Low,4.044219976174416
Rice,20.184883608686548,122.07505064946325,82.20241793861781,100.0,99.05475411045589,48.23450479605174,25.306695034533007,6.736383061971283,0,0,0,0,Medium,4.035815180487503
Cotton,26.65631468075668,74.02860175878588,77.80293137816086,60.2781641442091,71.82167226612782,44.48153491279321,37.32234507132653,6.3826342797660685,0,0,0,0,Low,2.8959064756722923
Maize,15.819093485757804,88.7136705006517,74.6157096922653,63.58311928336996,72.45010670938422,51.51518438491976,46.417246640588516,6.620949366656538,1,0,0,1,Medium,4.645276650829098
Rice,32.770635633520214,138.93027655114244,69.32944776954548,84.65252580876788,82.12960637545564,32.742811270444875,15.518571132078367,6.493724956017525,0,0,0,0,Medium,4.162292892189535
Rice,26.125788906096663,98.37258699651602,100.0,93.73060689624845,86.29589329076234,36.49049774560661,42.912076654119964,5.603083841139157,1,0,0,1,High,3.976557231415135
Maize,25.431065395164634,70.20649780997432,70.34183563562516,62.26372796690692,75.81992554153575,49.041336182138416,36.968281774095175,6.022884285946318,0,1,0,1,Medium,4.552815092151512
Rice,29.13062354565853,109.11189600022654,58.60049837613355,90.7015616282474,93.21630259565715,36.57461409794435,42.322629506341556,6.058524303052511,0,0,0,0,Low,4.039094127360431
Rice,30.048117847588898,97.94924783267807,74.76766568237022,77.83593244475706,60.220991074531106,35.92066940664065,44.731320206897124,4.5,0,0,0,0,Low,4.239356773253171
Wheat,18.934093604014535,39.71879187841082,48.72988312573109,44.684559976505234,72.98137328192999,37.42248140928119,31.033763299851103,6.471218189628953,0,0,0,0,Low,3.4811713263118005
Maize,25.431065395164634,85.42050973525791,54.290366550103926,57.96287952381353,101.70350014137014,29.686894690159043,41.1651728439791,6.83514809993315,0,0,0,0,Low,4.992729720816166
Maize,18.614451091081598,91.66134916656044,90.12582221887696,78.39430805163154,80.62564133266905,46.410899436221456,58.816518365388426,5.960297077686467,0,0,0,0,Low,4.764507194378347
Rice,31.176202819525614,126.94222372795488,85.24970015221373,100.0,106.94205912472721,35.48178121147494,43.863329755781365,5.582130646105924,0,0,1,1,High,4.15254574313986
Maize,29.325721501004676,46.08310091771963,86.75562483883485,90.00836167326706,101.24119595042345,56.036190178939535,33.87571070089533,6.011553525055541,0,0,0,0,Low,4.469753369025841
Rice,23.363017160460135,130.6184408424116,85.57980545377191,94.0933011448934,89.84896453961653,22.966203344847084,35.9097890034864,6.09341679225349,0,0,0,0,Low,4.49249251189033
Wheat,15.237949930488899,59.16855606686377,54.19585065197478,77.11165959792798,83.3247885460595,44.441239837595894,32.1249932190725,8.277621680616722,0,0,0,0,Low,3.5058554306649015
Maize,19.1956431722956,65.84949730613604,81.40311512361181,50.03488140889027,122.22806659204606,42.203374365050855,37.112767680532755,6.383839121780802,0,0,1,1,Low,4.584809269641619
Maize,29.34030579079799,103.59937892553152,70.50603021978601,61.42834345531919,71.71694125011221,50.554811607407004,42.65416823691778,7.367669590055062,0,0,0,0,Low,4.801198741262405
Cotton,34.90816924003397,53.54698611923498,67.04395269847147,52.3366801538656,52.64482648031985,27.179294235947115,30.24857503751269,6.334749822150236,0,1,0,1,Medium,2.8124821727192573
Maize,14.314274049258689,91.28202420106459,86.53761811271899,41.57760166337211,82.05783830860389,38.09499716261941,29.72266093915494,6.141578619342858,0,1,0,1,High,4.66065415571414
Maize,21.471241885372045,94.32219850166706,52.041369797439444,52.734267864048036,109.70720832228176,50.27667920329874,28.077016077958938,6.080495630398491,0,0,0,0,Low,4.922467496811667
Rice,29.394027894698745,122.95654334743436,81.99654960127047,100.0,73.72626574242558,46.04526521549076,58.86047049537114,5.241882278747781,1,0,0,1,High,3.958113905025587
Wheat,17.1601351192815,56.87625313685374,93.06242185182151,79.70736316959442,91.83256934101227,24.56632130418513,51.70864270717799,6.689292215507597,0,0,0,0,Medium,3.6148790923793177
Rice,33.29817590315607,85.47318953332747,80.36133759255974,57.51263766876842,104.0501196841135,58.16724740634267,45.060789138151314,5.666525297753381,0,0,0,0,Low,4.3086036214717005
Rice,32.506696533011805,89.1534912155754,75.63050130215035,99.38842124436883,54.38750117453192,31.394036878259588,40.18025092132565,5.2616521646553736,1,0,0,1,Medium,3.6856473483425294
Cotton,30.061756516549146,46.44613305623025,45.43921218178218,40.700013951913824,43.70993503837798,21.800972471989397,22.909790423695096,7.5742925256396125,0,0,0,0,Low,2.913247674656581
Wheat,32.000622386621274,43.06978856922139,84.3941741721228,35.0489298053292,64.99927594168217,32.74570277481966,20.822503460738247,6.502712924823094,0,0,0,0,Medium,3.7040978785724197
Cotton,28.956583137844966,90.59369779303411,57.79657763135933,74.58850636535963,61.308089598244635,34.70328756672683,38.616361244979444,6.57648321925938,0,0,0,0,Low,2.637929401296391
Maize,20.596544589171415,75.79610421969218,73.48861683181522,83.03716621479512,87.17449733135761,32.5185630344292,46.95160411720232,6.538428024970763,0,0,1,1,Medium,4.25447337539434
Maize,27.069312705281842,74.77591388056328,92.51548415291514,61.66287654832602,75.85118766177006,36.37231609841472,55.91553302204734,5.842366282332579,0,0,0,0,Low,4.900244210904481
Wheat,19.6796751787108,77.95217951749414,81.29182599330919,66.88761278221887,100.5463577235005,30.966030556764792,44.691726564583796,6.817122485519393,0,0,0,0,Low,3.5236451416168277
Maize,34.225956242010966,91.55881669015763,55.96065141807831,73.60616631506619,64.81046288565632,42.63443933927668,37.45521197768241,5.962232589245426,0,0,0,0,Low,4.773240842841936
Wheat,15.526533752422054,50.376328028578165,61.97017008433829,54.24225374290897,70.31174865215922,34.777307552505796,34.86194759048022,5.325828526670702,0,0,0,0,Low,3.3542968420493486
Rice,34.630752950148896,156.74035128500844,93.2588370860388,80.35040592369786,98.15516202081064,29.969471050116624,33.881766310363425,5.872560381724576,1,0,0,1,High,4.084433655667763
Maize,25.43622130541396,74.88245676573136,58.864993074792835,59.993316937416694,73.79175378308267,40.91867424622645,24.864807675720073,7.273592188606,0,0,0,0,Low,4.676269570905069
Rice,33.88587839488508,129.6283975706383,64.42640913445024,64.1315382843285,89.11368828302412,40.078888985846056,42.96199187363317,5.505575808087787,0,0,0,0,Low,3.9002679547614476
Rice,29.262217012979658,107.33754402120795,88.55208463326692,70.55921531190384,67.50867757229943,26.68079040022768,32.02576634856772,6.392845956699329,0,0,0,0,Low,4.242819786100358
Maize,20.41999319426603,81.33666663294228,45.61499276710529,84.19278004640239,97.04940653483466,17.5605626170293,26.34335196476792,7.19604150069552,0,0,1,1,Medium,4.4669504221389165
Rice,15.178205894363252,103.52917597998744,62.94201573210211,95.14049874352774,73.7548951311883,44.37192066520352,63.699070354753346,5.052983582310592,0,0,0,0,Low,4.0829806296817805
Cotton,29.4888308707701,99.9220316388894,52.14886315316766,71.19125561706105,100.77693610035168,36.818189260118395,36.87065795858916,7.306597472603231,0,0,0,0,Low,2.56656825994816
Cotton,19.68666226962438,70.63025234116667,61.493232202942714,57.97395215086457,93.89073562818973,25.826144359402868,30.64167125624674,6.301941726048997,1,0,0,1,Medium,2.6867611729192657
Cotton,18.145352327596513,94.28102885130207,64.56827074536187,72.37578729763064,80.12334438770264,43.66886211444005,32.24339656778083,6.997209655118723,0,0,0,0,Low,2.9854765449599223
Wheat,18.425126683679505,37.61971835421633,59.758628212021854,52.559718504699724,89.4061145757559,19.486727733288998,16.44029973682093,7.724510570796495,0,0,0,0,Low,3.3159673558143234
Rice,23.869373052613213,94.80120636483535,77.64147354088064,96.59376009662343,114.23082800649229,47.43708800629666,61.036387521047885,4.986305677273151,0,0,1,1,Medium,4.021402278576673
Cotton,26.75513858877349,77.91961025467532,59.97620359927147,50.892026947607064,76.00335996342952,44.35546795533762,18.673362464403525,6.917548176487894,0,0,0,0,Low,2.795900493710773
Wheat,21.153123349825044,57.45019724048115,72.35401759205516,59.313600724757656,92.4714036047206,42.61173790913397,22.141961913321733,6.543714696139162,0,0,0,0,Low,3.3177381794981438
Cotton,24.907480610886957,28.852552125264197,72.40515825960904,77.35391693569096,66.97535310997927,21.23746070227957,21.667050417575098,6.148947668866569,0,1,0,1,Medium,2.8217322740889115
Cotton,26.473949743284827,76.14134453591701,69.03586170918364,56.14400979850365,67.0552235478764,32.35687923058413,20.10042207447986,6.48074581449657,0,0,0,0,Low,3.0060829075019453
Cotton,25.457581400355657,77.3106722380544,65.55942444857187,62.97227893032638,86.00229625260467,45.067968020697435,52.20683796583114,6.504855476047067,0,0,0,0,Low,2.9189841964763867
Rice,32.367308244373866,87.32690057000447,88.4946426737661,88.97070378862489,92.44136233507017,45.04818586129521,48.29457481598357,6.279773459015647,0,0,0,0,Low,4.468407561003408
Wheat,19.421802999194266,78.0998716839125,64.32449906694173,67.08337397327783,55.79631750555035,37.900144265785165,32.91100866606122,7.693594069302634,0,0,0,0,Low,3.710297448967216
Cotton,33.48187620289415,91.26210271832095,60.5340459568648,71.08295500109466,65.7085712447909,36.99346759291778,39.33128072341069,6.377503614572866,0,1,0,1,Low,2.9580803273887324
Wheat,25.484360852534614,38.94737827593521,64.66742485438269,46.66121974591863,80.4301117457534,33.622460910761994,31.39082167229217,6.821812733721754,0,0,0,0,Low,3.526230848829397
Rice,41.5939183631763,165.77415751355443,80.83029297215553,75.27826396128725,112.92046725203653,57.32855348926234,21.619709425639833,4.817493494054922,1,0,0,1,High,4.37076233757008
Maize,16.550840033673893,65.71891866663547,88.16360236556015,66.2648574086335,104.13859577624834,24.94975202889413,35.972497589658175,6.311583109100398,1,0,0,1,Medium,4.461556986246942
Cotton,24.783936953543055,79.46815791030392,65.84865786563502,62.8251781206475,58.08732732663917,32.366471540778996,8.229349535571451,6.598162165136964,0,0,0,0,Low,2.781840314388434
Maize,21.41731496414689,96.05121636680862,63.34067783679707,93.56650262262112,108.49147937180277,40.25211623823,33.87571070089533,7.127317855556457,1,0,1,2,High,4.772470516532537
Maize,25.015926854002895,72.38749154254046,84.33858725128235,50.369509590826254,99.96464941599598,35.02371246369428,46.01824853681937,6.026336038888136,0,0,0,0,Low,4.5172321468694605
Rice,24.034469587954497,78.38151182266911,78.68500567515795,91.80017190008094,94.71347878995964,50.244092878119815,30.777311163461132,5.628407145243598,1,0,0,1,Medium,3.8820129814995465
Maize,26.089664385959583,59.88785750241327,60.26226445263355,69.74537482304217,91.25912936987949,51.72950233584457,41.861658003927836,6.073172399980936,0,0,0,0,Low,4.777364930943466
Cotton,25.123462474239407,48.400428537274706,47.909570621777675,45.21697553017624,92.78938495022042,13.90049062579812,34.88104817719306,6.022564851328623,0,0,0,0,Low,2.979795904958483
Rice,22.52761796324316,124.24421394368981,83.07437414423168,65.15252643886201,72.23902867481061,25.86204192718881,34.17182810387031,5.73194907954884,0,0,1,1,Medium,4.005644786226525
Wheat,26.916509215184266,42.55875165921178,51.76326199051106,79.95779726933642,73.15266936660477,33.02119643747755,34.78991794748474,7.173999241770353,0,0,0,0,Low,3.2796129544567756
Cotton,23.634440828291602,59.25372915918213,68.17744399644985,76.56480636267997,58.57517634681558,31.207230651535866,23.856768559037057,6.109616054271556,0,0,0,0,Low,3.100119933521805
Maize,21.806747626694527,83.74025589811552,68.40415744726005,86.15320707221612,82.09704543518754,47.20972867409367,24.900471629637508,6.930883757812237,0,0,0,0,Low,4.714628885972838
Maize,21.96622782639655,54.63455287416716,67.62829463575176,64.89432521779167,81.30655811898401,33.44384540487692,39.195246707829554,7.209489497670757,1,0,0,1,Medium,4.650490270369757
Maize,22.89191045123077,85.10544950386132,62.819106674132165,84.88954955712634,94.86239679660531,38.776654391298095,42.181091025405884,7.130201731374229,1,0,0,1,Low,4.686111046190591
Wheat,22.35765004005781,58.86179705072915,58.20650367178141,34.343096247788814,78.8466002453231,40.82661818565471,10.038721789000537,6.610831813486078,1,0,0,1,Medium,3.684861769190951
Rice,32.180082326811856,110.18130008424549,75.89161139075348,95.90467298359842,97.87365984934226,47.14267548946903,45.84781584014189,6.141837016738739,1,0,0,1,High,3.9111747255818874
Cotton,35.26650455819433,60.91538060117472,48.52503489552708,77.88148163642617,86.54627562096368,27.3690687764714,15.847328080758125,6.62019372332602,0,0,0,0,Low,2.3638198377422155
Cotton,28.26895526817977,88.8895041951422,71.50339058279171,42.79291101040206,57.353602269775784,32.68097317877489,37.52682315286057,5.846894029043859,1,0,0,1,Medium,3.0724655885441536
Cotton,31.993767853363266,84.7386263948525,68.27143205965794,58.90128991922745,98.49108821271085,22.005003422683153,26.50560672783044,6.075087188184067,0,0,0,0,Low,2.8457667369684105
Cotton,31.840396531714518,59.87349189459894,62.41283263099586,59.45455265141275,70.07900646356856,37.23372322077179,17.918211763544118,6.361630543078931,0,0,0,0,Low,2.7664204935635976
Wheat,20.58175107023885,49.730957715521505,70.05057786718451,78.75250663294932,66.8306286996465,53.01396616640204,32.49308331520223,7.122861821782894,0,0,0,0,Low,3.434110111125574
Wheat,32.182364791139946,82.55754583163026,71.81299816222423,44.74741909528419,106.24445496015784,22.534207613315985,32.76983141407154,6.768239999145722,0,0,0,0,Low,3.8125220669672264
Maize,38.18425530530438,47.283131268728845,47.09691426492114,68.64323019725413,97.95668481482576,35.06619731649904,55.23445794824953,5.87396176648978,0,0,0,0,Low,4.6819483733393605
Maize,24.020704891937125,90.03753938759954,60.55305999287242,82.74840760569269,87.46465022520309,35.08500097535287,41.968621810742626,6.1722325284451065,0,0,0,0,Low,4.744750262786857
Maize,24.08107592420001,82.39786760855492,76.51824001232063,44.4971245507876,39.32095063115005,34.331039028725705,31.117261575484555,6.648329754339181,0,0,0,0,Low,4.6156228500535175
Maize,29.298951261463138,67.3232701842515,52.611741009596145,57.18704502273716,86.90016555247541,35.03147798400339,52.845797460168995,7.314144280601073,0,0,0,0,Low,4.706068558303689
Cotton,35.19342150443354,85.64682608959862,48.4215023862809,70.93335267830466,55.27923274204835,8.448292064631158,21.90619178917246,7.026186752512112,0,1,0,1,High,2.7467346178831256
Wheat,25.17090098588381,103.49303732450409,54.46847931866103,50.44425591925815,83.46608422158727,46.30283650307068,22.595397102142428,6.719043606317586,0,1,0,1,Low,3.5241879725204406
Wheat,23.071222312420367,59.28653148594304,70.26997948457996,46.70457020436715,106.31952689691747,40.03772188063075,41.619871890718414,6.569643416493055,0,0,0,0,Low,3.4182615806747405
Rice,30.43663972131621,139.80222822980224,75.66460707433899,64.28578033805037,92.06192429184368,56.57842144484384,43.63135455168259,5.071752243573762,0,0,0,0,Low,4.088474460724673
Maize,26.851474611483265,56.639607158556906,48.97195394283067,90.1801201005885,111.60101496044724,37.981129262097056,44.595848723435566,6.343890816232303,0,0,0,0,Low,4.792579638991245
Rice,29.51392911756215,77.95217951749414,68.59413138457637,64.32997045361856,113.31835542925447,48.932254031739596,44.49364684337527,6.246161940324471,0,0,0,0,Low,4.310122079133024
Wheat,20.718121902027445,60.34871608728365,82.9224172441078,57.58636241545314,76.39365359970505,38.086578829213636,43.460301441420654,6.272445683334752,0,0,0,0,Low,3.7051126952261484
Wheat,20.34636917585255,47.94768918442392,66.91767718973638,42.92868834312296,59.150852065411925,20.865806102093035,33.195986782174494,6.350517291240335,1,0,0,1,Medium,3.8306990196351545
Rice,23.69159534356539,151.4365815452605,82.02516729757855,74.354082016787,114.26657288413874,53.447031797447906,36.89187439720912,5.5864663205631535,1,0,0,1,High,4.16601891232037
Maize,30.02111431182983,80.11223730409247,82.15436114454069,63.038943999301424,45.56798395720938,35.36546322435571,28.341900199412887,6.281013010092779,0,0,0,0,Low,4.66267824025298
Rice,24.075779015261535,116.85170106408532,87.27809738903517,78.19242965315527,90.16437644042463,25.472761946066424,33.672261164116115,6.236600156929098,0,0,0,0,Low,4.451469890569076
Rice,24.31185855508133,104.27117256586202,80.07697599639737,84.89670876075469,71.07466759979212,41.449304059988805,37.011085676030746,6.336623089990984,0,1,0,1,Medium,4.027050306444326
Cotton,24.19138126050862,55.13203162480906,67.95423377301839,50.81862142717467,118.28336416061364,27.555609073517438,25.833746943845377,6.4652823427888135,0,0,0,0,Low,3.019155241938999
Wheat,13.313462724263417,113.02928753520582,65.1901576442927,75.39866942550692,74.48901455860083,42.611383154726965,38.77181686725047,6.800391104218591,1,0,0,1,Medium,3.271157840377606
Rice,22.565071796755817,93.66563816803716,75.11053196198692,79.6580297621091,103.89315054155935,16.30836003386048,29.43148134872201,5.180670321498922,0,0,1,1,Low,4.202377628481628
Wheat,24.811259257964608,58.223202421085745,68.27239891905383,57.19306175360534,73.89373458932681,21.21701981730191,42.91946171289575,7.196891374368292,1,0,0,1,Low,3.6975707775734423
Maize,23.974978678583682,97.9272791755653,75.71892353481628,44.39895666545377,121.63872112978936,43.77735047521539,38.76581505591049,6.304705844453392,0,0,0,0,Low,4.529205793468199
Rice,23.169765868876325,72.97533756669766,98.61121747923451,76.72770488010386,101.39777463368749,54.29615090969159,48.73249400925998,5.499255550735055,0,0,0,0,Low,4.529636850011622
Maize,26.218439063315067,70.73460943387981,72.31735311723422,81.13015102935347,91.7716161447303,30.175373450568078,38.33848025789598,6.86949387902932,0,0,0,0,Low,4.603874703758962
Rice,25.28551617329974,127.01801941026865,68.29109584672126,66.74458457187283,61.02442574585373,36.632242332660134,57.508518023679294,5.949108869193368,0,0,0,0,Low,4.045343533225069
Rice,20.886416931341365,91.24580093193134,80.88591209428314,47.67302040057079,84.22812354954115,33.30070898113216,37.318765748320466,6.000183846969006,0,0,1,1,Medium,3.874794336881425
Wheat,24.419652343713622,88.64469227871149,61.29070076108673,65.93322098355283,82.6114516911664,30.079913496339806,23.757164423212483,7.075793214226829,0,0,0,0,Low,3.513774613897186
Wheat,26.429736696887616,21.402307155027756,69.38894509857475,46.173659477349574,62.27621387274928,28.867288975963085,27.764014182718228,5.948910427695418,0,0,0,0,Low,3.519704284459655
Maize,18.882695508888478,52.35774885900225,70.35978531895644,87.99400055803336,89.83033711805136,40.950884425234555,49.94625388211176,5.725132100723609,0,0,0,0,Low,4.720176323436114
Maize,29.49127303387973,48.313059195637706,81.39933181279727,53.56221141280103,77.28037116669053,48.104797695984324,52.99435983008709,6.0790127351821015,0,1,0,1,Medium,4.975532588955496
Cotton,29.899488670704574,102.25140040402724,44.562885984938944,54.99288086263182,91.49304419032212,17.76499786592174,31.702020494933652,7.02542809116834,0,0,0,0,Low,2.552103954807699
Wheat,16.76820487582041,42.66326004644307,68.52242815076808,31.45669245716095,75.51670679624527,20.943954888195833,36.04212865277332,7.093730009580028,0,0,0,0,Low,3.585523743487424
Wheat,25.658080122795297,64.80242078810478,78.80396885443356,89.8846654166513,110.9313273076723,13.56891184862942,32.96676121140232,6.5218371244762805,0,0,0,0,Low,3.5422880437271775
Maize,28.475013189790083,86.21213611652013,92.46276618220668,29.425109587116616,93.31503893117564,33.011507735563,37.57127918990941,6.396904402376481,0,0,0,0,Low,4.596553211828268
Rice,29.59156996619551,111.71250730775604,86.06750780826562,94.83305351546574,83.7796877547753,45.04545624130028,28.973003357774665,6.320810657596381,0,0,1,1,Low,3.956565048443527
Wheat,25.860252266126896,75.74134731108165,79.79122851732977,69.30957855567492,64.17290991658422,39.13735607874882,30.74825571616836,7.165785157136703,0,0,0,0,Low,3.8795166156005294
Rice,26.53065669880023,101.03589841413469,81.38252288744457,89.64969042591221,69.98721505819583,51.36822674526636,30.529606793007254,5.823972079114267,1,0,0,1,High,3.8913711492535374
Rice,32.64931624256953,135.8091321610512,69.5393655360548,64.49114471195908,101.30666389495408,34.40108366535236,39.024846421582076,5.534444825056195,1,1,0,2,High,4.025143533933038
Cotton,32.48101552769888,79.6447366593926,47.35747556739706,51.00544033832631,81.5954474343066,19.7919231828731,27.87498635308835,7.1484216195801675,0,0,0,0,Low,3.1201495806082242
Cotton,25.77265533834367,57.053405037197294,67.26234632383336,75.24508028318121,98.81772720138353,36.59855202708853,18.42883381286729,5.7667794048722065,0,0,0,0,Low,3.10045072199197
Maize,31.008195678316092,83.4483539694726,76.92978924382288,49.13903213384154,72.3534576061135,36.913313504590114,39.83082157044819,5.857382359359693,1,1,0,2,High,4.8737251510159725
Wheat,26.827435131676303,66.97284775148763,73.65468807667253,74.68704308844393,71.69894482337686,42.80908207421826,18.055049311407384,7.279640353762736,1,0,0,1,Medium,3.353786445929928
Rice,24.597652817735845,100.61464189965379,81.87104146469888,90.95919955904803,86.70501788365827,38.63913274485437,38.03880616680407,6.692196205378419,1,0,0,1,Medium,4.032968467547705
Rice,30.8551611610915,151.90229593172077,71.50339058279171,65.92242372385685,55.945806480937364,31.252295390169394,28.41221543813225,5.056120220807602,0,0,1,1,High,3.9924520996008614
Rice,28.319737343671417,98.65895342036839,87.37992265965816,66.57500817814592,97.71569368295846,45.4227615816139,28.72078700548353,5.475128990963331,0,0,0,0,Low,4.010022747215077
Wheat,19.121563281047557,62.56918627439626,58.12386926931808,67.22512608869191,71.22130328692259,45.66899704293219,36.96400117733941,7.841285771641698,0,0,0,0,Low,3.546943930068212
Maize,29.479641648861367,77.60119493716023,83.19863032158752,81.3572708736146,68.36386138049016,47.14871018779306,34.181080814866284,6.269341937537081,0,1,0,1,Low,5.062655509970655
Maize,15.805112688174766,58.85131096839314,76.4274558307884,70.55317834912611,86.1914370297093,39.48348367298612,40.10550085327617,6.1729117873982755,0,0,0,0,Low,4.502238344997819
Rice,28.252345406075243,108.2917113281388,68.61674866220464,88.4884587108021,124.32088806158436,27.528946742138377,35.55719060223466,6.038862841797448,0,1,0,1,Medium,3.8811430695572393
Cotton,34.53452964632152,68.31128382924668,60.70900050329822,49.05382888046681,90.56054684906894,28.739902373346055,22.506423105772225,6.378154871328944,0,1,0,1,Medium,2.7619420268635264
Maize,22.475920541556313,68.21282597841359,71.50339058279171,75.88292559556979,110.10287225293595,39.89505679700066,53.76087280380064,6.046573742447591,0,0,0,0,Low,4.8001560049787475
Maize,26.4560402108956,24.225429095270158,71.73898147855503,64.87830197582375,83.00420338632007,51.62146455114291,40.21780074250871,7.020605549444493,1,0,0,1,Low,5.051990376851542
Maize,20.700307079311408,57.26432612233104,82.63290552187097,51.86414621750218,65.43776296194775,40.20205371049895,33.343781782194625,6.870083570927439,0,0,0,0,Low,4.687934319435286
Wheat,26.15712408756037,10.0,66.83599366752533,61.75084486511137,71.8345450233497,51.53603891072069,23.126705411442288,7.1244878974796135,0,0,0,0,Low,3.307645315331238
Rice,25.618237564910796,141.41669715381195,77.65263498037544,87.00178426194915,84.24453737057979,59.53419892621299,23.530679301971418,5.767440784075268,0,0,1,1,Medium,3.590668846310164
Wheat,24.662913870889835,57.829583908909264,83.27926799259038,58.61515428931622,91.4718442944153,50.54670038449725,18.072645278330036,6.68099715682532,0,0,1,1,Medium,3.487850821150234
Maize,33.969950772921436,84.24818845439059,71.3700148222624,48.87553058411273,73.60666316499331,37.77057541747342,26.89559289433177,7.458915187763313,0,0,0,0,Low,4.711907344891728
Rice,24.11249930941328,151.6377421877177,82.39122681436292,65.15745239007374,106.74151072898415,27.31798400624634,42.80260501405925,5.219690778485752,0,0,0,0,Medium,4.401703945848048
Rice,21.716666407759615,97.64921751467003,94.43241749021229,91.46315355455692,82.86182683570534,35.305025412069746,31.47786510069494,4.91719776977583,0,0,0,0,Low,4.1824354096152625
Rice,31.280878099347674,126.59175432064745,79.81984755982307,75.13691670670231,104.1828344404733,53.45313146635713,39.263141994832004,5.541978030184275,0,0,0,0,Low,4.3938601381776055
Rice,26.446267840545453,127.94139981093585,99.11938127328301,76.61541909298839,103.82143330852692,46.92890194727273,43.66306538733587,5.494687445019758,1,0,1,2,High,4.2780528810124885
Cotton,31.252721027434806,70.45958148047454,69.69794254030597,73.10735800895003,76.47168554993264,31.267921072606764,29.19082662337312,4.75626584526707,0,0,0,0,Low,3.1511875321255522
Maize,25.830273612575013,50.83853303146911,68.69640406113596,67.02061202154206,68.48673127172387,43.21950492525018,36.22102749849856,6.606031938002197,0,0,0,0,Low,4.857363245036902
Wheat,21.007285641106236,64.1250035973534,64.86396317253785,86.06508662462895,82.49561330678152,26.22486330736731,23.317390384016676,6.753797311201319,0,0,0,0,Low,3.485215957060588
Rice,28.762994350561243,100.4610632310092,73.06828432477177,81.76038624034129,116.31656148856639,36.69020078322649,44.61102535734969,5.104377994247964,0,0,0,0,Low,4.205535220956754
Wheat,15.67624716869525,49.43920838788392,76.76372119777817,77.44119651432989,80.27329296572779,27.226740816694424,38.455877121741935,6.710659680733914,0,0,0,0,Low,3.405125309474066
Wheat,26.439069048758864,54.25717480925161,80.83463492523529,56.91304593608152,78.17615150786187,17.167201148257597,33.87571070089533,6.930256411449299,0,0,0,0,Low,3.4878140656444647
Rice,26.484116240221233,120.81390197620401,68.095932152579,75.7482457311929,103.7513262481149,24.45565420209819,17.496425427157998,6.206549272085862,0,1,0,1,Medium,3.9707527823353668
Wheat,28.121497361906396,49.333865434803315,57.7666373236011,71.93375278543608,78.97507174295373,32.972954817289384,25.24626761196712,7.335415226336931,0,0,0,0,Low,3.5114568773671326
Wheat,26.941863044027254,35.7624157365218,64.92541790373814,71.41409446342746,77.15050139582605,34.34531496156711,23.54326895505887,6.692245568751331,0,1,1,2,High,3.4191407806617726
Maize,16.314729332372053,79.31429784269514,84.10349314396144,80.0989357291655,81.18966611320421,41.30786249793164,36.50536342792911,7.119391447364245,0,0,0,0,Low,4.625592274783917
Maize,20.371303818968777,73.66528868011206,68.4418655538886,75.28384619447624,108.99466982204655,44.778780957676815,14.217886802685697,6.008793170071145,0,0,0,0,Low,4.53101869930586
Rice,37.521051318928485,109.80866186898581,88.78437202490278,79.65401277876985,83.54290347230847,42.512337787836984,33.87571070089533,6.028552907810827,1,0,0,1,High,3.8466398163859385
Wheat,20.658578471917394,17.937313301019486,67.60036331153424,64.86374786215566,82.64483537096038,31.30081586982007,62.768603701805034,7.448063745099172,0,0,0,0,Low,3.2528798156985177
Maize,22.581586832264346,66.76063542903512,76.75252980754858,73.76197227228218,74.59791027292547,36.27064604465335,40.45104254832707,5.860593639244679,0,0,1,1,Low,4.824896374292789
Wheat,23.846043974890353,44.56808014771278,85.7047273235357,50.42342063910687,84.09492576317697,41.72370975640564,23.779239881720727,6.029393543412794,0,0,0,0,Low,3.37490574488233
Cotton,33.440194628661565,53.44715963358096,68.15671594341558,51.52000932743785,51.22094263019171,20.94505204076166,33.80952835693413,6.255278803245806,0,0,0,0,Low,2.703577491523023
Maize,21.66786312512459,101.15607398961482,71.73771743476597,77.40673142848652,65.10545797997099,41.902569107235934,46.626572907875264,6.093401483828956,0,0,0,0,Low,4.581165547931623
Rice,30.89360227654774,132.81904989375516,86.00927700631141,60.929125220170995,106.75082975935614,49.93902394867956,37.25010380872779,5.328337834219621,0,0,0,0,Medium,3.7321792503839455
Rice,33.90516945807532,139.69223281146952,87.97729910658991,71.10353076254286,95.05665908431388,53.06991331594815,47.82683142769941,5.029961102249345,0,1,0,1,High,4.291916860718968
Maize,18.33420468331164,89.31436453209962,65.56218531516507,80.35664452431224,96.80069031350251,35.893272707296425,51.2892899481374,6.500954007218422,0,0,0,0,Low,4.933379836636757
Rice,26.768146821639093,126.06798810972244,70.6720696660397,73.218775271308,92.77980684717001,44.781426987293884,31.443122805385563,5.670358815328832,0,0,0,0,Low,3.66122136920985
Maize,21.507141531401487,100.79176693629022,59.52887845747861,33.91560970741342,95.90323400602306,19.79619903496545,30.893013864902354,6.927474768585911,0,0,0,0,Low,4.685378268074313
Cotton,30.541790613700552,103.98755173498793,64.76306782923876,54.68436304694424,79.46674453716349,55.52898671746593,9.006437355809744,6.875772658133845,0,0,1,1,Low,2.387930142784773
Maize,25.406929460432952,111.21399276426092,70.60788855466919,40.54164196629044,75.27571397552325,44.69352273012867,34.276698432754344,5.551969940070319,0,0,0,0,Low,4.8155525333936975
Wheat,17.69595005113033,51.88634797856736,76.06902594856453,85.9748271146155,80.15810578816667,33.860850147351144,32.76609070451659,6.418530043131733,1,1,0,2,High,3.4398949137386623
Maize,21.86618524314833,76.16247267643317,67.6864580494576,41.090544052650515,43.511921650343304,24.917873949071495,17.738141505832893,6.876043458349178,0,0,0,0,Low,4.9581572310330015
Wheat,24.289502820534665,66.84556905876195,94.33798090640695,72.7360136175626,119.33170811065003,29.819561912970343,48.23884992811152,6.910742504367396,0,0,0,0,Medium,3.411432768646938
Wheat,20.93391113523657,15.36693407682231,47.03100445799224,52.03693484080652,87.72520615774998,43.484738030564195,29.783651134291954,6.857237831991236,1,0,0,1,Low,3.3005060639868122
Cotton,31.19208631504893,68.42808162141543,59.33720953445412,55.922316330891626,70.50660078134646,43.42220615039325,26.647559181319732,5.762414407684137,0,1,0,1,Medium,2.833766233855104
Wheat,17.88210694437595,53.80189893186756,50.11640242117298,55.44188829578172,66.09653016180941,44.00587108052122,47.882941520549444,7.058201274265279,1,0,0,1,Medium,3.7739150516903806
Cotton,23.528847179826837,70.99034047880366,52.23820056869412,59.26700179584921,93.21331003764423,54.922059752675366,29.82993925516169,6.777761598550572,0,0,0,0,Low,2.8139514588232273
Cotton,30.034288045682267,41.39728032937005,62.870645305774794,50.50419250870311,53.02595342872232,26.52804952996955,33.131117685738914,6.571407553958418,0,0,0,0,Low,2.865375471183858
Rice,31.629460461405664,126.03707099371334,82.85929508759618,81.72487713773823,102.20424539948195,43.81487614616329,27.70027725223064,5.825343571898233,0,0,0,0,Medium,4.091719291725565
Rice,29.902670349520488,114.72690917043691,61.116246669289715,59.49579863946141,108.48225119133436,55.94406834093954,30.651962927896413,4.888819114242225,0,1,0,1,Medium,4.078601696742308
Rice,30.10124005683451,99.96004578969948,81.84302611755673,73.89406121749859,97.69276323533819,42.8804445723713,42.3600577522258,6.264111730302956,0,0,0,0,Low,4.432415963011753
Rice,29.622063658568337,105.08506163704988,75.86105014849659,71.32996398451643,106.3781770501006,36.39527195998284,33.75100910797193,6.381912313463697,1,0,1,2,High,4.027848397091452
Rice,30.359751140709708,122.16271196931554,72.62552892702944,100.0,104.32583063653956,37.23719091169639,29.307130130113563,5.794023074630765,0,0,0,0,Low,4.021256127406402
Maize,35.480284136261915,86.30489265495275,85.44582534110435,51.7786264074897,70.14321590601159,35.01674362178075,24.511485900707118,6.440843933266311,0,0,0,0,Low,4.390034421307881
Rice,26.438009015924695,115.34535151107069,77.0904743324222,81.27988960135947,91.38849262114223,45.30759369486542,48.40430892644839,4.724723176324944,1,1,0,2,High,3.97269469886682
Wheat,17.39140857997519,10.0,71.50339058279171,58.579579553226814,63.975420439124235,22.29826775159934,36.35664566457002,7.041043999145485,0,0,0,0,Low,3.6668578412355
Cotton,38.71771089279646,86.19919436846331,58.43437181113359,75.39759949582516,57.53437409254943,34.56098214657211,31.07169915259596,5.906817992249471,1,0,0,1,High,2.9046019162673926
Rice,23.20052198044723,129.1321970161145,56.376141837651666,78.46121374631248,84.6611158916671,45.0135437552216,33.939993360915075,4.5,0,0,0,0,Low,4.323567474609055
Cotton,36.13423828496168,79.13546842013567,61.173603623660405,42.159538000499985,81.54098270524993,52.614034373552414,16.02194521575703,7.1614170778738755,1,0,0,1,High,2.7139460152110213
Rice,26.87961939491638,147.03922638355087,87.61303942286033,73.4950973129364,110.79230912131456,40.228971460107154,41.09837593199923,6.163606527724645,1,0,0,1,High,3.9885154378393497
Rice,24.89958534621852,82.3743424963868,69.5278660751301,65.73476405092299,87.57537778601714,35.351722515033934,21.729950791332513,6.912424626813214,0,0,0,0,Low,4.3441928236533345
Maize,21.037155291967466,82.17398769479679,60.443460139069785,59.55820508698742,77.10879781393469,46.606003463322025,39.61025145142755,6.832456465077098,0,0,0,0,Low,4.889077318137636
Maize,22.1558944029291,89.23389163152869,56.109532467315795,42.942656731531244,74.03425318300329,40.71067641101276,29.589187334616447,6.66247988915238,0,0,0,0,Low,4.953918323466419
Cotton,33.043817996415136,56.465779655982665,45.0259141446401,66.97495260711781,63.63514447700348,46.533893994556465,26.14963197573779,5.472598962331091,0,1,0,1,Medium,2.84500447627058
Maize,23.060992329507904,65.12129419388813,76.08926484174573,77.86848237937015,83.3685999888798,49.73901081693827,34.70965884870216,5.8315858041160835,0,0,0,0,Low,4.506688416277716
Cotton,26.829210925919828,53.55854080048924,79.08622260355014,55.29728752940696,58.27980106364626,29.938565221634228,36.54505752723139,6.551237328954709,0,0,1,1,Medium,2.8494714940454076
Rice,27.89277082729869,114.79798822552695,84.39582573723598,70.23363829166671,103.56059184671449,26.277938777890007,32.61239162653904,5.6597791662780255,0,0,0,0,Low,4.00055126895877
Rice,25.66324256457266,108.38081500138645,74.64236362112686,91.67747667770055,102.83141008734547,39.250769736769186,30.552430447601626,5.618293165162462,1,0,0,1,Low,4.031825918592228
Maize,22.517298149019062,108.84691280410942,45.7863217920399,60.87796542870968,52.019999676497505,40.30626627712013,42.13770855789909,6.506500721694989,1,0,0,1,High,4.689529823920576
Cotton,24.269008687146798,32.695390265958686,42.460070282286864,52.76795267690538,64.6872572864064,31.366324417028153,23.100840219710754,6.522975511550702,0,0,0,0,Low,2.7769896635048292
Cotton,25.80001246430339,102.95668722576983,51.61854174564834,39.366301996761564,56.26803415236583,33.38915756470466,34.31631629637597,6.906821507464809,0,0,1,1,Low,2.892292397516625
Wheat,23.968648964688594,31.390072791539666,66.33732484714227,72.29942287919239,80.44637542331492,28.041398973105135,28.0001797217109,6.133421754127444,0,0,1,1,Low,3.1370262839362404
Wheat,17.852634569445208,58.557367587504565,69.64276102165869,63.54287866898501,54.60097704081053,43.228392683526195,34.39627518238998,7.103179854806299,0,1,1,2,High,3.3293153625860707
Maize,20.1401750364585,37.373887336123175,56.20814690189991,69.58346576535577,88.07154921730928,45.33230185708645,38.08055031824054,5.902277786090508,0,0,0,0,Low,4.650768687547876
Wheat,17.56115946012969,74.27582649724766,75.09054975656694,51.358532640072866,73.11585684195278,18.21633030097542,26.29685932213534,6.051490482100434,0,0,0,0,Low,3.1154948184396436
Cotton,21.44493351404163,58.72493062373273,72.72684256054664,38.28743861342744,83.53431194784078,37.235823491660824,5.0,6.2109978721862085,1,0,0,1,Medium,2.6901966297978306
Cotton,31.400496274349415,63.118458031570086,83.44986222365762,37.753403959281535,81.75937344061293,21.337509395381474,25.581510727591763,6.56098751055563,0,0,0,0,Low,3.032814939624888
Wheat,20.30531909374232,36.05994632694612,65.04192185832419,32.31191211139006,79.77990346604135,50.28594888699196,41.57233807748686,6.269341937537081,1,0,0,1,High,3.5325692363056174
Maize,22.31984208748612,60.995648023888094,88.00413958013704,62.45221463483404,84.70058722852845,39.82185089931363,31.17686429063697,6.90444084659308,0,0,0,0,Low,4.872900348464704
Maize,26.379486052614986,69.42879117594332,80.64000272567856,44.39166323617145,113.33014020490543,29.12268528181892,21.887449948303004,6.2247617023834625,0,0,0,0,Low,5.027164971791665
Rice,30.16414143999002,126.73056099378488,66.79780674438318,80.48105490449556,86.00229625260467,49.576026973056116,27.487799702174975,4.5,0,0,1,1,Medium,3.970158639256051
Cotton,36.09662970558788,86.89568552651721,71.39238440220986,54.2188605113504,68.43516509936379,34.99651090767847,34.41628648418916,6.270316717725467,0,0,0,0,Low,2.73470925768555
Wheat,24.390387585760937,41.48014675879591,61.27202889635985,49.15477222578194,100.13538201477581,36.11739036939257,30.20748974643088,6.6394969757144215,0,0,0,0,Low,3.785781155138118
Cotton,25.400736019607937,67.81603355527066,65.3054699247446,57.57172023196477,83.9293529148565,25.729277910506998,36.473326855134786,5.604662733574631,0,0,0,0,Low,2.5850860083134704
Wheat,30.161430908318067,65.31751771926629,82.60862577885665,54.620646426957755,62.490238698319985,39.659598308004064,30.273708657091653,7.051272426934165,0,0,0,0,Low,3.5363867587845457
Cotton,31.468459628958122,69.07512203271337,29.674015747618235,30.408976237199063,79.77847961170283,31.626384661317868,33.982209514202935,6.361315593786034,1,1,0,2,High,2.8447811985021603
Wheat,22.229032954321397,33.03933031274909,62.136005577825834,61.95820833999648,73.80684877932393,32.62919264324774,22.200744252177557,5.6234637759763055,0,0,0,0,Low,3.339852161162543
Rice,30.78160570770998,159.79543609989452,95.38665748949452,65.40691144348995,88.12617180087759,55.55212008968477,59.88498986095991,5.671462243560348,0,0,0,0,High,4.028131347121151
Cotton,24.607620488390673,76.41837813250481,44.82950828730855,74.8739881795486,83.36989355156054,31.50995405452769,31.133943919666894,6.75244670092086,0,0,0,0,Low,2.784114937101983
Rice,34.289159554090446,101.40019042836019,90.45512896765018,75.46520252767738,96.38173310595299,29.540191610774073,39.8379937299343,5.572085614419122,0,1,0,1,High,4.105329657017056
Wheat,18.700548734119227,10.0,64.41386254601466,59.474226162907215,87.02659149911676,34.61485295722781,28.796149405632057,5.721330588221028,0,0,0,0,Low,3.6223440239975484
Cotton,34.69777604961143,92.45568733319159,58.8292135045243,63.271100032634244,79.68403188202109,33.00087884081415,39.533975332379796,6.9544273194793575,0,0,0,0,Low,2.8940525736533997
Cotton,31.538827953981176,55.68998172363168,78.95108443580428,15.504545647858897,89.68911015251457,18.313472225620014,23.92431208220444,7.362500336240029,0,0,0,0,Low,2.7486036230488535
Maize,23.520619026626626,36.36976736711708,79.60501454856467,60.880965102193414,80.96338492855467,42.17919840106624,38.49370282727652,6.293321123873678,0,0,0,0,Low,4.494875732850092
Maize,27.12265454936066,87.76496547471234,84.6727432005063,39.046059042734825,132.95347227555737,40.41405748062707,29.58885739775355,7.853381825051676,0,0,0,0,Low,4.736692022688349
Wheat,20.329737172951255,66.1904716941565,55.671066824221256,62.84870283958181,69.62116801862652,29.358372993074855,14.835168232555539,5.945595445825364,0,0,0,0,Low,3.2522876733395716
Rice,28.492414502065934,91.96253348881419,87.76356563284408,100.0,87.8018001780323,35.29349006714384,36.95032292436376,6.1370349078708095,0,0,0,0,Low,4.238765180259927
Wheat,31.582973275374247,42.85504046641254,77.36733952270804,67.60755717502505,103.0438749089143,33.62110660133838,13.966827463112807,6.84697757296682,0,0,0,0,Low,3.4630950378476015
Maize,26.027230757001156,66.24131761513593,49.045611005882975,73.33912177468764,80.1902776663746,55.49939588027375,28.329325445996993,5.967888936378747,0,0,0,0,Low,4.31829027790007
Maize,17.84366651160605,47.657559765494156,73.66749913631983,66.52626576157458,86.99099981307646,36.5566595540136,32.20898251651253,6.6938251619722715,0,0,0,0,Low,4.779651523735697
Maize,25.522608488711818,50.1632838519659,53.87758756923695,65.30625750819377,56.15709453269082,43.30071767103031,32.16125258669217,6.41125422419167,0,0,0,0,Low,4.7129754826853345
Maize,19.937901327800674,79.46190674098065,64.36450958494996,40.15429209288462,105.39779650937102,33.91300163700175,16.95064222582114,6.441643234220941,0,0,1,1,Low,4.648545087827207
Rice,29.81895602604275,113.2420140414239,71.50339058279171,81.07613008851945,128.99186491305662,40.52182213471171,44.97586970339199,5.3401495813792055,0,0,0,0,Low,4.206161180347866
Wheat,24.82114172669486,26.960579639237874,68.56523951686754,72.18113902578116,108.77167619644112,28.30314255920019,33.87571070089533,5.38506981512112,0,0,0,0,Low,3.561309180955445
Rice,25.718233780160094,112.66373001912542,79.16007348165422,100.0,104.18223850250135,36.15571662347507,40.95232575040603,5.66897147871941,0,0,0,0,Low,4.372347675020142
Wheat,20.43964909002511,10.0,71.61426834645052,42.63440637725119,85.25955130790014,42.05267728506919,24.189910564518158,6.842935779205614,0,0,0,0,Low,3.6527453983609166
Wheat,17.333597987294034,58.875309941529224,65.08238705482778,43.25269490615953,80.60694298821896,38.417342229398685,20.851778126475857,7.358301021818744,0,1,0,1,Medium,3.3404565147313137
Cotton,20.059983224962487,74.4021509742039,71.32638030728846,62.7046055111173,88.10726369569514,49.93635085660419,12.818625096239643,5.838458242945067,0,0,1,1,Medium,2.589911407568252
Wheat,14.279205997860855,10.0,62.00295130801046,72.81495429358453,132.69086166451993,27.05080440932214,22.785489765710786,6.38903386634303,0,0,0,0,Low,3.790765348448885
Rice,22.945634917081854,60.83644647042183,79.12569878374215,66.16726125388048,114.48236971692155,37.900144265785165,25.613538728859243,6.3283178470399415,0,0,0,0,Low,3.992913598275404
Rice,24.059416969238367,106.49608445024928,84.29154759488151,68.46688351776665,101.4866368862875,33.80419421535759,50.71065326007033,5.260965733987662,0,0,0,0,Low,3.981857552593418
Maize,16.567756814767723,62.161613352460364,73.02403981866257,79.72299312948681,62.96390563734212,35.65892582308537,34.5713341465802,5.370988150316035,0,1,0,1,Low,4.442637431036217
Maize,26.029331856494146,94.14806156699542,81.89665494929716,41.432714733231755,88.67575314676279,49.82624805167181,35.29779638482383,4.912747145381627,0,0,0,0,Low,4.611929906796868
Rice,26.17320026354938,90.84425151676446,80.92364152763362,39.54069048030167,80.87222756556272,57.95422494809924,39.010334879827965,6.0582683932941155,0,0,0,0,Low,3.7804744016556615
Rice,29.906506891241516,90.8210154657928,83.77429496928964,96.7842549293496,106.59422782130196,42.73789932442247,20.47622904859003,5.326598960132563,0,1,0,1,Medium,3.9308166998334158
Maize,21.45015633921251,90.60847173335463,62.54032292682685,76.19372809147848,86.00229625260467,35.17526384391232,64.91702989956767,6.45309699154495,0,0,0,0,Low,5.150012268181192
Rice,21.056047400802072,131.97083948788287,65.01122766926932,78.01664917030939,103.87191149333366,49.50242884353614,31.98873447331153,6.441254086140372,0,0,0,0,Low,4.035730386755057
Cotton,31.163793160334958,56.39092572282689,65.29339848728075,61.85436157275917,107.21979565217296,25.222831674097545,52.08419091154705,6.173107580993218,0,0,0,0,Low,2.8808141072706195
Maize,27.83005844271107,98.92483020793705,63.48535070705904,70.06933331217537,105.5628407980465,40.00679956709136,42.85857818608419,5.115448184414696,0,0,0,0,Low,4.534412501839124
Rice,29.039236218272592,120.12994952348689,95.33604929692093,93.20168639825646,96.69702728505703,32.67271604281114,29.69378419455355,6.7691702146935,0,0,0,0,Medium,4.063751179381242
Rice,29.419956856658178,121.74056860561511,87.70672319196893,63.02539837063418,110.54350836538738,43.54322385831352,49.52648103261693,5.130427913576677,0,0,0,0,Low,3.9704291072005113
Cotton,21.540898378040136,55.25421567757151,57.96760946980837,29.38582289564801,95.79076645599547,32.30159560234149,18.224813840933592,6.624444824112844,0,0,0,0,Low,2.996399395868818
Wheat,22.122529256685326,63.783020244665195,64.97366428919449,99.3827599790103,74.28030390768687,37.04920660811217,42.715159355810385,5.871406283395281,0,0,0,0,Low,3.190112199073038
Wheat,17.742883150417484,43.72950678225862,89.59394473149655,64.26846608250263,68.91278851675845,26.78642231627547,24.855039086969022,6.784339622181164,0,0,0,0,Low,3.6999543885648514
Cotton,32.29338295970483,94.8065647271771,60.08298746519039,91.03020886989424,77.97228844140145,30.252054100767772,30.019768447558107,7.343080345599971,0,0,0,0,Low,2.8922226844847314
Cotton,33.32764217733118,52.7775109085499,65.75569072140915,72.93840123383868,107.78890547294118,59.074449440319924,45.383304390525524,6.7642852729595235,1,0,0,1,Medium,2.9157026217454924
Cotton,26.35623613808252,120.53528952154412,60.99773347751936,60.70106556543972,60.95759790963935,43.874981724457946,38.67187412827739,6.226455095722248,0,0,0,0,Low,2.864938413854091
Maize,20.245070699170586,110.21274474642466,84.32574819339138,48.91912907235441,101.29881910210658,51.52299073484556,31.55566707077083,6.221540191050938,0,0,0,0,Low,4.743335199205031
Wheat,20.57199758534655,47.67317238081724,50.97418288060065,57.34413512933652,84.7565857449321,35.63699480807361,39.45360724077876,6.751437923041236,0,0,1,1,Medium,3.4976981339698785
Rice,34.40865778233749,170.91563662781343,84.50790280079967,88.59346462150604,106.24248156771039,32.0907022270472,39.80105467465415,5.397771466178265,0,0,0,0,High,3.9216600330194327
Maize,26.403935380686036,56.011678092595574,56.082157500062635,80.61431260696685,96.65056165169882,32.143099297995825,33.930154109016314,5.732936098668981,0,0,0,0,Low,4.521312385947429
Maize,23.08568668520604,55.009007460097635,83.98676562419332,79.25385790802814,62.05038736280536,47.44032676943333,27.767039307422905,6.1608957750043745,0,0,0,0,Low,4.53228814029999
Wheat,25.904572315908737,42.433952570147895,78.5138301962373,62.65743199190642,71.28334966524505,35.586640541338554,31.8343159017748,7.075828481333851,0,1,0,1,Medium,3.9169443527804675
Cotton,26.366275613401392,36.47512016042407,73.51672205132289,77.35822338651937,67.19813878758745,28.458362876117143,22.826078363405685,6.310477405345951,0,0,0,0,Low,2.665937619332091
Rice,27.41569556237966,80.5783131986123,91.58676824696728,80.15139850286239,72.4784155405938,28.207335508533028,53.794378916948595,5.463532198272478,0,0,1,1,Medium,3.750573858171311
Wheat,14.955936295599564,46.29679178859444,57.671504372342454,95.57529742656293,63.2440656133425,49.746864481921634,33.949072052623755,7.279150015014308,0,0,0,0,Low,3.726675769158686
Rice,26.896272497615403,143.12865369466624,70.15980693857736,94.24499907775302,82.87177809812943,50.61783446951791,10.87387436189562,5.717799368759256,0,0,0,0,Low,4.314827658667659
Wheat,15.31303915250756,24.84770107452579,78.71295631992551,63.32353630828923,116.98738315663701,41.2429054905286,47.798297187236194,6.033368841550391,0,0,0,0,Low,3.5569490425535637
Rice,24.855518595513413,86.2990322363896,63.94481872837693,64.5960747942132,86.00229625260467,31.230009669440438,35.34439487481459,6.553556019485704,0,0,0,0,Low,4.123168178573293
Rice,27.86853685649421,136.22123866068125,72.37103602806724,67.12847312631789,86.78304862756949,53.559933474996456,48.4384544217267,5.788260083805172,0,0,0,0,Low,4.2141025117358195
Rice,26.025645611087217,94.33668610499585,92.21825214885436,97.98827201497691,84.11167824929285,46.48009478476,43.374120028203805,6.153265679256147,0,0,0,0,Low,3.949086525972323
Maize,15.884683195977328,96.04870546940305,65.57379032723232,31.568176009606255,101.66099775565607,42.40029810551865,32.12750634021047,5.696408232905772,0,0,0,0,Low,4.766148303473983
Maize,21.298264382080024,75.07238117043772,80.65646885249488,66.10005117167205,105.40920620390109,44.4457964398508,32.37652442453898,6.70800226191457,0,0,0,0,Low,4.689930865331421
Maize,19.32164725728849,81.26386978483573,80.0213003989992,65.54708264981313,102.59040256594008,48.10636947137796,26.817966271490064,6.652528439561703,0,0,0,0,Low,4.706636438538441
Cotton,26.91356245873753,100.26921625177746,68.7985927528116,65.58336779822511,54.56350289247292,40.10855262351477,20.708636594902416,5.876288897735773,0,0,0,0,Low,2.8288893833954525
Wheat,22.38014268146746,42.88423066139134,71.14111478494436,52.7545185622649,82.2691219040613,43.001880104772624,45.01592998003993,6.319723287647977,0,0,0,0,Low,3.784505109414297
Rice,21.421853943637373,128.3724874521702,89.87974088594451,94.51995247334325,136.8445804578215,37.23947913547771,47.57304822593531,5.741650150562219,0,0,0,0,Low,4.0446816308972675
Cotton,33.38189408117667,60.424933561060065,46.97835658793934,60.0824812407672,66.3236150619866,44.10735367868319,17.1737056807306,6.89439347034789,0,0,0,0,Low,2.774798742633942
Rice,27.625629091289063,114.00729641287086,80.7496664201042,64.11165144163274,92.41412846185187,40.51427491497259,38.31759456581451,5.8416204473373625,1,0,0,1,Medium,3.844351524036182
Cotton,37.40738455887226,86.08910800486551,60.2302279102541,57.800007294453074,65.20605422153803,16.323710578261814,12.671263483543704,7.545616402197184,0,0,0,0,Low,2.9734310744028
Rice,33.25614897380395,154.32162111745617,56.68381110563014,74.30497078230228,80.22417939662564,38.15876224558268,35.41061203421609,5.696677329445204,0,0,1,1,High,3.8011928859045137
Cotton,28.13171042757172,77.4895921973108,49.29217381323378,54.15396166701556,98.6278500517935,37.03240897129647,17.33103287073406,6.741267379407043,0,0,0,0,Low,2.8596917749882746
Rice,19.844361761938657,100.37767585495462,90.90191168066184,64.457866095558,97.10294313509931,30.429680993195753,46.800659629573424,5.011406796839372,0,0,0,0,Low,4.015160396974368
Cotton,29.61842121046952,69.82425230481076,52.64273135315641,80.23449229229368,73.25863638710535,28.233847269630044,30.448181971001677,6.793300481530976,0,0,0,0,Low,3.1180227315131224
Wheat,23.21150479902481,49.96021731972239,58.96003688736519,44.94450675278769,103.44662714215217,37.23895746781241,26.494129329992933,6.980329077173561,0,0,0,0,Low,3.3668897555428816
Cotton,17.53137298117361,60.11397884959016,62.35108773875782,50.641437476712014,64.67983682723721,50.463966971745506,35.17337294683641,6.225212672008188,0,0,0,0,Low,3.014605739388569
Rice,30.528658873590743,95.24340102086191,76.92606244451862,66.509321963994,54.4497188948359,45.02371356096519,35.27155453659869,6.333596295412322,0,0,0,0,Low,3.9288118277639996
Maize,26.776783701308414,34.998632189504164,68.46804422665656,74.85801651944081,115.22555264144592,29.81593654108303,30.358851993884052,6.096262069224258,0,0,0,0,Low,4.6177621479052124
Cotton,28.169086867011394,61.076801766661966,37.81186983924153,59.94052010055728,43.06572732625451,39.54370305442154,40.37181405649051,5.9992323130576635,1,0,0,1,Medium,2.9380193296745
Wheat,11.712517289604788,71.58936679908473,57.044572101384446,65.56641746892339,54.20016928914768,37.09194554471065,46.072381367677636,6.574548722401631,0,0,0,0,Low,3.6599073148351557
Maize,19.38263620111969,80.39136358575553,83.00079046814783,79.95898351488309,86.8039184444298,36.77728498438613,48.27273822081263,5.634411723360513,0,0,1,1,Low,5.040820122580725
Maize,25.431065395164634,85.2765822266338,72.29529831574906,65.73987255049339,98.22731206012716,33.735818545591435,49.054024262651666,5.431272020602,0,0,0,0,Low,4.647126697195444
Wheat,28.615559576084422,58.17518237797281,71.73291394031843,21.44977929338964,73.73316685728837,35.32566099493397,28.313806342143003,7.143875529133679,0,0,0,0,Low,3.524012227669447
Maize,21.979016390268082,76.44896924102322,62.73016229315199,73.65872558563295,94.69124850421684,49.7058766977884,33.77521866700142,6.337467567577359,0,0,0,0,Low,4.893681329866911
Maize,21.675236105579515,49.48842908573714,40.57976159030445,69.20068014046106,56.48243966070589,38.40257304603145,36.824417666348424,6.0968746764129955,0,0,0,0,Low,4.808795109392485
Cotton,23.042015366771018,67.67048898014812,71.19540802388201,43.30241841187762,63.12602286761102,33.13033417422995,28.602010809892505,6.56686845029666,1,0,0,1,Medium,3.063269265362496
Rice,25.637016402904532,144.61419547931368,98.18743590826884,75.10043660328046,94.60657854604177,48.36508236423849,52.75112364309855,5.693614804280337,1,0,0,1,High,4.072011637753384
Rice,30.279683869468364,128.03621677443292,76.3809269924947,77.47284630892939,113.76574865766517,46.16845888090939,24.18567347469702,5.9214937108447625,0,0,0,0,Low,4.209672723379277
Cotton,26.785216464286762,34.044079249913565,65.13891969344093,81.91266934306017,101.76073811971133,31.659673748375997,21.19988018309236,6.648049506140338,0,0,0,0,Low,3.1051489867483983
Cotton,22.864437024198725,77.95217951749414,48.02251763203533,64.02196212800493,85.3904426724577,9.918838158673871,34.92239464464855,5.952703267661686,0,0,0,0,Low,2.8825409144929286
Wheat,17.457716685058518,59.47390811997289,78.58753174380112,72.22615113222713,57.9287715593717,55.76981449481059,39.674793445541304,6.699057215482015,0,0,0,0,Low,3.257958015736859
Maize,19.887929917874153,25.154804874277104,68.43526728496235,48.64647379721374,115.26486302489926,43.696071268778205,38.328606119645755,5.6756925133313585,0,0,0,0,Low,4.584035120505733
Rice,23.57836361452741,106.34054519527378,67.56620478684931,83.73649973538804,87.85192403177865,41.62675399800767,27.009607754681408,6.788165860921259,0,0,0,0,Low,4.10114209738853
Rice,29.80319521415384,154.8272069958993,93.93310514171719,87.88403032280526,101.24055731302994,35.83395618321543,44.51711076596912,5.752915573089533,0,0,0,0,High,4.145022362851025
Wheat,25.431065395164634,41.1345155099024,38.217017590807046,74.96372577047954,67.0401884020051,27.68343473393041,19.464939876282383,6.581774839056577,1,0,0,1,Medium,3.7096620320393705
Wheat,21.64694089398863,53.13637047701722,71.39907626051783,64.36602811417521,75.170632812955,37.570887539577924,16.263704289582027,6.74474188584072,0,0,0,0,Low,3.575009442524516
Maize,24.072561545552126,75.15273871000008,59.820685165927486,57.2614203030149,56.40211784840722,33.74365577730815,40.73145453267787,5.913398709078238,0,0,1,1,Low,4.628066810796797
Rice,32.904379872482515,135.59425357433292,94.79878445588959,61.229093580272576,93.54868144790342,49.1965046345062,36.36692044998493,6.452206059308196,0,0,0,0,Medium,4.122429280675116
Cotton,34.58014571815628,61.61001384298864,79.71636178240448,74.08812699359139,101.81757404833738,36.56279134047011,10.367108521610259,6.753453675972126,0,1,0,1,Medium,2.959703874517805
Cotton,32.653494957266204,81.02481016803956,82.27203303086387,42.0400957515167,101.42285207966862,34.57186045452103,16.182297575164455,5.641726013169103,0,1,0,1,Medium,3.1025187577491087
Maize,31.56671605838107,52.55488430690396,62.51456547459548,67.20947000583627,99.06900350256481,44.58714769518096,44.117055716132654,6.482555146239338,0,0,1,1,Low,4.890023000570504
Wheat,17.789365568518328,21.85451775884534,59.239880774015404,39.315530124740064,91.8737413779905,32.19481030851123,34.04516002811226,6.4275871610154125,0,0,0,0,Low,3.386099344023747
Wheat,19.80954345582875,63.04671969404414,41.766039401543594,32.87648299069668,86.23011191835901,40.42812852510209,52.64220134852411,6.786952181726746,0,0,0,0,Low,3.591696809518928
Cotton,35.701307901028606,122.41185382078184,40.31396320752004,62.35391208105324,58.86859948074904,50.3034719368459,37.186526282557466,6.734325567984748,0,0,0,0,Low,2.950489380419604
Maize,27.92468897557825,79.12880173954373,68.19435646006049,77.36154345283559,109.63477005171178,40.079095983688646,36.578640474267566,6.269341937537081,0,0,0,0,Low,4.97631598957815
Rice,19.705462719406476,99.64775565841424,88.08301839094017,86.06377960565709,135.48987651553324,33.83147820090227,49.68168401454098,6.004751035521197,0,0,0,0,Low,4.438041793729297
Cotton,24.112090679157646,65.21628324556468,71.64681773163154,44.34513487107574,69.23859410708788,37.900144265785165,34.416625641860605,5.711448486354374,0,0,0,0,Low,2.785174914705048
Cotton,27.21481972022339,90.03366933623681,63.02923390995584,51.00683826709104,129.622989348425,32.99836383155224,47.66239860299406,6.776093211563858,0,0,0,0,Low,2.843629729144861
Cotton,27.2221944633365,58.41318106664637,55.74197432293841,64.63475302246728,55.264044143575425,34.98174673314848,33.859700925688756,5.852845280854971,0,0,0,0,Low,2.8435898356765286
Maize,22.64880876936526,43.37244226337385,79.2017217164288,46.275942351967956,88.21486204326499,37.23198938336864,40.433979506360565,6.355720655771688,0,0,0,0,Low,4.604021030335029
Maize,24.144644161340523,34.033035254123384,88.6290184675504,65.33508858977912,90.725333031246,37.365830869222506,29.818395513163725,6.794181437503361,0,0,0,0,Low,4.966887934341174
Wheat,24.162265529720802,62.72315458100293,67.49947959081685,32.240049752795684,65.875843023731,42.39940773957627,41.90958187035662,6.53388293746948,0,0,0,0,Low,3.3762666622607584
Cotton,30.479576771018348,51.86339453307785,46.09957099257953,53.48761065951552,79.36582377504396,33.60154012139816,22.710407499668378,6.396042136274639,0,0,0,0,Low,2.5130993613352732
Cotton,28.112370680669496,53.18992479781206,64.1773298720672,40.11960487025222,80.15255173001982,26.449284043202404,23.75915254962506,6.080877159936793,0,1,0,1,Low,2.6279549902194796
Rice,26.814188871969023,82.56094088493882,82.60503229636713,92.20211349767806,102.60382951222591,37.80430249248399,34.327960657882514,5.9581601478420305,0,0,0,0,Low,3.8531672658267713
Rice,29.6664017381426,112.42072903240745,74.03700991930299,89.00022349033557,78.77534513283958,38.33998152865401,33.69350747246174,6.243491626091211,0,0,0,0,Low,4.156669296060089
Wheat,22.158178978878073,41.121379135161845,60.110999092052815,68.4852907130051,43.417632242629075,24.10599792140054,32.21092747850587,6.077913020473577,0,0,0,0,Low,3.2485073543925256
Cotton,26.708535163940507,93.31071510073374,60.50430764696458,54.24645751514388,95.90286236517927,31.177922983264917,42.92053632227123,5.793448222536741,0,0,0,0,Low,3.0196083399363243
Cotton,26.344969630430253,83.45573290654482,76.88284395976761,38.013274781581515,49.63045457011199,27.983905802321402,20.01905372230965,5.5351433309476255,0,0,1,1,Medium,2.6777485676706307
Rice,30.465101192088184,118.3955731181315,75.47237328804285,79.4511586940857,87.26403332924562,47.300200058178824,40.30055611545501,5.867909772979697,0,0,0,0,Low,4.326351100000881
Maize,19.202855227675435,70.86607141063166,82.80466167844531,93.68008203579046,112.2852228799967,40.21988656160231,39.20997563686023,6.851229891686609,0,0,0,0,Low,4.882991273730441
Wheat,23.942249503780705,49.835162268346025,58.81326634651242,67.87006371266934,59.72994843598268,22.613760749468312,36.10673973274798,5.941894040223621,0,0,0,0,Low,3.734483879421518
Cotton,32.25649670449587,91.61968276596657,60.72346514547453,48.53731673813715,89.84256979796096,29.25349844524342,29.948933679727748,6.719320070433648,0,0,0,0,Low,2.876645842888361
Cotton,27.2779140168233,79.6008132547904,64.84715395582134,58.78544345804894,86.67062022701717,46.77026264721415,44.59022348291889,7.23722353106282,0,0,1,1,Medium,2.9603839795256777
Cotton,26.60920193467783,76.9061149937819,54.60673800693938,57.473552998231085,99.2282933447743,34.4967931827708,50.487082576988506,5.605979251390092,0,0,0,0,Low,2.9234101761273323
Wheat,28.297414181780944,90.95110219548081,70.78309335345571,61.15977992249493,68.99117157434844,31.435060071550094,42.462572134371726,7.581216263802422,0,0,0,0,Low,3.3787576244847766
Wheat,10.714002399772724,37.78299002394107,63.447155634976575,73.49582714858599,88.29435038508741,22.298991135464302,39.97975254581905,6.394689924639408,0,0,0,0,Low,3.292092528884549
Rice,28.47794845761697,138.2579408515175,89.41000002279486,66.57500817814592,44.86269429093774,51.8837650641907,38.29994238693176,5.658193842850182,0,0,0,0,Medium,4.1436465667492675
Rice,28.06300640818905,94.338577465045,79.73656306955111,72.23418935110618,123.90115698617213,23.273335271481194,50.05818420716043,5.284762620772339,0,0,0,0,Low,4.4040452425536385
Cotton,26.830072336362825,68.62542180165781,80.28974919718665,43.98768689425687,48.787831372559154,38.814736051273925,24.03170811884287,5.890680949243919,0,0,0,0,Low,3.0055285477670384
Cotton,25.85405592710274,104.89654914411116,77.10386749795016,36.092486508722686,88.15246701532458,18.5557007652038,57.10794299040533,6.464940092972818,0,0,0,0,Low,2.9677952336726303
Cotton,27.802336901701953,91.92397811527164,42.752136251054374,60.62867791048841,95.73777032755385,15.882994309212876,11.300973170835878,5.9955385259276,0,0,0,0,Low,2.774040212194844
Cotton,24.217781565219887,83.11924590869634,54.74405534458091,51.46315405564546,67.39888268733176,33.598541210352984,43.42180131244854,5.436251739997233,1,0,0,1,Medium,2.8195134518365985
Maize,27.258752583947235,32.98943702864097,62.364055905261125,54.27127221773614,95.39782365179501,44.74557885722755,37.01227727834895,6.269341937537081,0,0,0,0,Low,4.823820183935209
Maize,26.6533765411083,13.659782613011124,61.88489624846675,85.49584117781657,100.35821944155717,46.66966402614057,27.233029143807073,6.663252973793353,0,0,0,0,Low,4.915645224156358
Cotton,26.705988504319894,45.33107378099373,85.87702059162174,40.17196819058349,75.60244633015161,26.96645983053451,31.240418077720214,7.543289035890789,1,0,0,1,Medium,2.8944656268811406
Cotton,34.185750704094495,75.91297864909906,53.38731288607346,75.80616518112633,68.53665084134745,27.481277192131,33.14444590874852,6.302572888151323,0,0,1,1,High,3.084774414956865
Rice,18.084403707507988,105.24498718919193,75.67950966243154,100.0,132.5794277457526,38.163058666185655,35.660024294534374,6.2749642475246965,1,0,0,1,Medium,4.088545921201761
Wheat,24.65976182729067,77.95217951749414,69.72505317708013,35.84491096405196,85.06214885993488,49.40639468502884,19.296379536749136,7.335081571694197,0,0,0,0,Low,3.5484983082495147
Rice,19.03390120811031,91.08654441968667,63.73877614094863,53.64347471925633,131.4824426408643,60.53926117573026,26.791528464344303,5.79519576325632,0,0,0,0,Low,4.213813749527342
Cotton,23.323999742345173,105.12605721520946,71.99473451041985,61.67671426558927,64.69331080439844,45.577439232959804,27.429475911869353,6.6526538824214425,0,0,0,0,Low,2.77860277500872
Maize,21.206698140288495,56.71480755582636,85.15368191891736,69.37820039174474,87.80351774067792,39.31302279963308,26.651133072866305,6.17731160351511,0,0,0,0,Low,5.087481018746372
Rice,26.626098025155677,129.27540236988446,100.0,69.23398535105953,130.70540574384836,42.10692391066013,41.86586229905192,6.5476136796506434,1,1,0,2,High,4.0332501039731605
Maize,25.95059542525038,27.877324195765702,96.68812096151373,78.09399301363186,96.64603084516258,37.900144265785165,34.38764745320731,6.689148293013793,1,0,0,1,Medium,4.655924865175843
Maize,23.628333410919193,88.9393120893749,85.04903660496387,53.37555763904023,123.40450532514856,39.64770375728492,48.497104201843186,5.718926611156107,0,0,0,0,Low,4.894864783329727
Wheat,14.751200934592571,49.94582270704729,67.27963708176223,59.66268416639275,56.141018576077656,42.334928350418316,42.286103113033775,6.290877335982397,0,0,0,0,Low,3.6277085577795796
Rice,29.0531226983784,48.01755613665044,97.80004837668129,93.32452820741412,76.09664232748995,33.24931579738649,33.49746612221728,5.3841977892988675,0,0,0,0,Medium,3.9369090917282774
Maize,18.367783833908653,50.48887935890528,70.40149925008775,58.66892172365456,85.28314089680813,33.04128128362034,36.87715009317764,6.39646236849697,0,0,0,0,Low,4.834347414432239
Wheat,14.809646600461372,44.5797999316738,75.969401664199,100.0,122.64717141460694,48.55890673979267,34.41802071555749,6.865773888379615,1,0,0,1,Medium,3.451124512596963
Maize,31.53272908760146,72.76697313724164,63.38569489037094,58.81479959864889,74.61311046469903,44.62731243765442,23.055066451419883,5.849914384165061,0,0,0,0,Low,4.783262560062742
Wheat,18.7370906084807,80.93505061481265,77.50476980352842,81.66743444905424,85.5104219558496,33.92046416843191,20.081252958087504,7.7689408846172086,0,1,0,1,Low,3.3063851599286607
Cotton,30.681538563341647,88.7471318253495,80.74982429225787,52.947006924392,61.85739602418983,47.48620591723337,35.62239059758266,5.827038047988744,1,0,0,1,Medium,3.1532063093914466
Maize,26.089130571553515,85.4009814191773,74.3675133687064,73.58667959232653,104.7699874036257,43.55836313067099,32.87322830346724,5.862206099495185,1,0,0,1,Medium,4.7966865986040075
Maize,24.961025398601603,67.52703625574595,91.64294820815446,68.17347249791372,82.68950766194517,50.85928677823788,29.803635760835355,5.8152769357224905,0,0,0,0,Low,5.008908995703359
Cotton,25.164357264359438,80.62892247944866,61.97504446282489,56.352038153470964,62.10053701952117,48.99042892317875,26.24499959924429,6.884705335792636,0,0,0,0,Low,2.4667332135523297
Wheat,19.758380383037203,17.47786500020868,68.76196869293463,71.4955508937579,66.12582674527502,48.90967240531345,23.033335056666182,5.032843392130451,0,0,0,0,Low,3.641421817508885
Rice,25.53058866359443,89.23965233623602,64.87353804622875,81.03575055898042,95.71484879095343,29.19410782969601,42.61272084317831,5.291603466503293,0,0,0,0,Low,4.026857177483363
Rice,27.905055564156868,77.26372521603402,82.36538219314463,90.10891584503463,134.75330024016512,53.754553156584535,43.66186936421057,5.731803864460837,0,0,0,0,Low,4.087273226129054
Maize,21.938886676434496,82.45736835940481,81.23787240839943,49.049682502545224,68.99218338531682,30.549506891591324,26.903102115916656,6.717725020633867,0,0,0,0,Low,4.675374443349491
Maize,21.90050264027886,20.836103087490343,82.997194505703,50.496777110539725,78.29083417238849,22.89559264584034,25.920057611315094,6.497919680615247,0,0,0,0,Low,4.658980951772733
Maize,18.43584771033443,100.03768501267587,89.03353996342885,63.56988363204976,47.57945384382707,41.758628991549884,55.18606333876208,6.105704725509013,1,0,1,2,High,4.73911214936058
Rice,30.72124557209338,81.73586113464532,56.946811324660075,78.33769461596592,92.77352258878791,38.6453198037418,42.9190901742724,5.20981962370684,0,0,0,0,Low,4.162127142366525
Rice,30.390378630394917,117.1961789321949,57.338924720401955,67.9899992817528,98.69820236665345,35.01954055857848,29.996645938346962,5.5255570092114885,0,0,0,0,Low,4.415787055028524
Rice,26.396435794296796,84.97772917487363,100.0,81.57697710485692,65.79052870419474,33.408639156399616,44.109643442466435,5.884479524389791,0,0,0,0,Medium,4.047281183044311
Wheat,14.316662267850305,10.0,74.7833037411823,80.91274279998964,81.58352384832504,32.03752826834277,26.71001585796873,6.108344843357114,0,0,0,0,Low,3.4251395447988395
Maize,30.256499325894772,100.94951987501457,70.51181312527079,93.93265946032635,109.30874305319398,42.77967383908438,38.08382312519621,6.042937658587496,0,0,0,0,Low,4.765233175457099
Wheat,26.912019794573133,54.65962390401173,65.65047433574453,48.98036866207502,52.41168852337279,25.84268394212669,41.724439979180104,7.180033077958286,0,0,0,0,Low,3.5803565637925887
Wheat,18.691794291996736,65.74948812116207,55.65197100445142,35.98039496702713,80.92842361147467,49.22712537483345,35.78502148917521,6.375835172832256,0,0,0,0,Low,3.530365262680068
Cotton,25.471314487639333,36.56409865674201,71.33969662172166,75.83839691883678,75.49207817912986,46.2789361975378,36.62536033398613,6.047429254164862,0,0,1,1,Medium,2.9329249156420563
Wheat,21.52124377054304,60.029291202725254,53.29536278807952,58.25295268497021,76.8614458354612,29.905974487075195,25.260786223369585,7.488608969038086,0,0,0,0,Low,3.4797473885054524
Wheat,23.184119583989357,36.319693278215084,59.956199743057475,66.58498352963893,63.84213106504903,30.262613086574895,28.24592553516038,6.673143590236464,0,0,0,0,Low,3.387266182377766
Maize,28.938434241374615,86.72763629465099,79.18311351311698,100.0,76.41816879345502,31.847895592583917,31.05694398713645,5.933354261376745,0,0,0,0,Low,4.804575624572295
Wheat,13.77184445219119,63.689075347112755,58.61260578556978,78.0939442176102,97.37588000890028,42.339025888686706,50.5204004481367,6.47021934311751,0,0,0,0,Low,3.5550467302055426
Maize,24.059311173990103,55.08819826859596,47.25606390502815,66.50679425678172,91.93776526212588,51.675242801674486,18.34571302474293,6.076273631038361,0,0,0,0,Low,4.840470519346632
Cotton,32.87612396399498,60.66386475000102,40.50620166391714,80.79928008871448,89.67617026515539,26.444251977841084,43.72271316607991,6.5781244633568,0,0,0,0,Low,3.022292713810467
Cotton,18.771400648026333,52.98915641144313,66.57668446243198,38.03786107207001,68.41104546439985,39.63373427489846,28.910048392886186,5.64964922383298,0,0,0,0,Low,2.6922650690386942
Rice,26.031987899232796,148.93008580854865,91.92498539937797,92.91527279723135,86.00229625260467,46.88729051360687,35.66102199546406,5.692148734127684,0,0,0,0,High,4.240466921302651
Cotton,35.23534451563711,87.85572512165714,73.76120600555247,41.02891584797444,94.25658742807464,39.86678367423786,28.045581262071156,6.800482438300963,0,0,0,0,Low,2.6721801365549025
Wheat,22.497236983133345,25.670743813501403,71.66553588489023,58.289960541553725,103.38469676985801,42.00793272332996,24.859348820178212,7.348130624660047,0,0,0,0,Low,3.182622813420318
Rice,20.041749364583644,144.13207521720227,72.50197039092767,100.0,96.24008510101139,37.900144265785165,35.70624312635245,5.882426900263278,0,0,0,0,Medium,3.803487069111612
Wheat,33.19649239950702,66.43716239824205,74.76680382706438,65.15012462033883,92.76939765055889,34.735018630478116,25.687588637592995,7.029697877476937,0,0,0,0,Low,3.6992041342065956
Cotton,23.49270160529321,69.91311344481772,71.74542832854203,50.01607410742636,90.34538431917865,48.699065648679465,8.41658083110869,6.153182010726024,0,0,0,0,Low,2.9655256569867667
Wheat,27.605327002487893,54.33421273286631,49.03532008045161,100.0,92.48882216946384,46.49875502598903,40.913439016052465,6.587604350344893,0,1,0,1,Medium,3.296537412360465
Wheat,22.541335370132288,61.52846658151948,71.82917496186182,52.44807347675665,99.91136308622987,33.33375721112184,44.08269091588054,5.73455498687391,0,0,1,1,Low,3.4206927209116995
Maize,23.739735244300828,96.81133659645621,61.27194297128182,66.70956002191659,71.34847683138457,35.94818297500741,36.7386343441088,6.956472594511944,1,0,0,1,Medium,4.564516803869637
Rice,19.248479663613885,117.69633757421288,67.44023061662057,84.78145932676031,120.56683726451031,34.59898075782549,16.964999082744992,6.622152594940779,0,0,1,1,Medium,4.023361163042052
Rice,27.52914883449241,118.33096271358441,72.139956973923,69.31572363976615,86.92347771284929,44.10833338011089,43.98996341684264,6.269341937537081,0,0,0,0,Low,4.261665196171261
Rice,22.428181515624445,77.95217951749414,83.26038678810929,90.28582407631049,114.54769210001587,38.925179739164435,28.001047077518997,7.006481438585539,1,0,0,1,Medium,4.0283617178438815
Rice,29.961643662011536,106.30376194364402,98.11731553829519,100.0,78.95221718261891,42.627338424863524,31.49343378663805,5.620343840246264,0,0,0,0,Low,4.309305479722173
Rice,23.348333083569727,88.97805894930565,62.66372205660758,79.30993055882473,105.61105489779047,16.45043702295126,27.706373100113623,6.666325526598351,0,0,0,0,Low,4.284772783982269
Rice,21.80046692782053,130.95178297784517,100.0,100.0,146.57381641554733,33.88206615501122,66.24220426395203,5.605186486320166,1,0,0,1,High,3.9064564943263713
Maize,23.713681182811786,42.031712389581635,84.3111722892018,43.76343480416264,58.9784247523705,47.975243381447186,17.05617804074092,6.646300681664074,0,0,0,0,Low,4.617291108544539
Rice,32.98694554970467,112.34708185358367,76.65753380967448,57.89812656517822,68.21848933716879,31.873325084419545,41.888189102637135,5.154369670531684,0,0,0,0,Low,4.264234197600836
Wheat,23.00705629827842,61.594989183247,69.79614658388145,66.57500817814592,80.72214348385842,17.173223149042194,28.308727269275064,6.567834557168464,0,0,0,0,Low,3.6608754611623353
Cotton,33.89772660766059,93.7642433767303,78.18123356547561,39.15151996081847,70.27314697087728,39.406597136310324,20.93784667952789,6.578088952630703,1,0,0,1,High,2.8137987588006292
Wheat,14.994956634811878,68.08084370506226,67.01369686306403,75.64675017651744,92.42460672421046,13.538633545957815,5.006776505677003,6.051731920036363,0,0,0,0,Low,3.6208195387453017
Maize,25.85204573623927,51.28913028195545,78.86132173086791,66.57500817814592,105.56482007119413,40.07971933302006,21.844759330862935,6.837829749716126,1,0,0,1,Medium,4.676117704276861
Rice,27.269609566910678,122.13190078913391,89.93405942173953,100.0,85.73374940900618,41.97053058849759,53.04942189115205,6.230033913432267,0,0,0,0,Low,4.066596264263256
Rice,31.636123622863053,106.63918938163422,94.46085166892288,71.9280693086956,123.75315127798922,47.8022082295581,31.452302243760506,5.519165325386331,1,0,1,2,High,3.8689359949683935
Rice,23.720717733056897,96.37673942224056,83.46099286757892,47.80637934159965,85.58865343334683,35.403892723574,28.865748736826973,5.790239319169883,0,0,0,0,Low,4.066634968533026
Rice,28.46141207790094,127.77248911478353,81.73284854762971,96.13845970835908,124.501289496797,50.17220396282572,30.925604551878124,7.015420616161656,0,0,0,0,Low,4.494588848730924
Rice,24.821337911007554,116.21563416230688,81.3638974086352,89.9986692253258,124.5937420013443,29.86991722308742,44.78019915466992,6.167517289939876,0,0,0,0,Low,4.23932321266703
Rice,26.48896845844297,113.77125198163816,96.79339434298764,72.33920223806685,81.80733131404637,35.33790972706163,59.209935658451094,6.337816160559882,0,0,1,1,Medium,3.9345924722169365
Rice,26.884273658008038,67.44488506875219,51.01728119981005,96.83649262902838,95.75151752062128,31.704098988089655,30.98821348076357,5.4853164368926,0,0,0,0,Low,4.245296055483317
Rice,25.53023798702454,158.67836869572645,66.56085507479972,54.70447083240269,93.49190420199683,62.28634298029007,35.97661093129913,5.699215116234895,0,0,0,0,Medium,4.159138014973984
Wheat,21.795986277435038,62.68296237597826,74.9552913076163,51.21969433776675,82.27656215879074,21.773699534934696,26.686284830330216,6.207472513830267,0,0,0,0,Low,3.649229270749131
Rice,27.355715109676257,108.6605673287554,71.09320254784905,80.74519392467224,96.8950152303742,43.3554224356017,22.969531406425194,6.347631564903699,0,0,0,0,Low,4.2469720156018065
Wheat,18.311527661373542,67.46326244770617,49.102469549082116,63.361863544506605,95.53509406254885,32.3501407733963,46.20618292774008,6.631563068720904,0,0,0,0,Low,3.6946308740186398
Wheat,14.43558723361188,60.172976586056144,65.0614876546407,32.22968087831135,87.92637188980244,31.311283038920138,21.495623712440327,7.165365158112763,0,0,1,1,Low,3.473942199123539
Maize,28.86324224499144,72.08892307210954,63.72721487889101,68.73255618127068,108.68936728599245,51.01950358122613,35.63111046931096,5.978637733675735,0,0,0,0,Low,4.412110596241922
Rice,26.827542739361824,133.01285135867394,86.56262908287165,94.60161777936493,77.65886585842576,24.611413573320363,20.431313005984983,5.102059582510026,1,0,0,1,High,3.9030782525880374
Maize,25.078965781121894,54.22348839777851,57.25668081961441,66.09114993045849,84.71685422711398,58.22382046446262,31.750642102624763,6.227532996494521,0,1,0,1,Medium,4.545361639064566
Maize,23.180277372639342,78.18665701684944,76.43523465516579,60.90489877966123,93.06145632238496,56.493051163204115,20.697208640702122,6.232660205638931,0,0,0,0,Low,4.504437604205688
Rice,26.769668194618074,80.21018502513874,89.50443189004113,83.82634341469297,80.11434920749474,43.448047837791556,29.2003564797759,6.081452030348449,0,0,0,0,Low,4.080186260196713
Cotton,28.81944210617138,45.20883757065393,55.61864638051408,64.53921444573209,73.44924300936717,41.90043428115213,37.907593122325295,6.4878834601156825,0,0,0,0,Low,2.916633620566072
Cotton,26.847287005503492,96.05821495979058,61.26267509109868,45.87717012627793,91.77183533690223,36.775278813686974,41.61207671758028,6.259888671713684,0,0,0,0,Low,2.8021956094066005
Rice,12.413187786018957,121.53752052378087,83.53980305953489,66.57500817814592,95.97015224659772,30.063640542457588,43.574085568511855,6.147718972717517,1,0,0,1,Medium,4.066220676370687
Rice,36.43962835052397,128.14067407029341,82.70991869310694,68.42246963584188,95.65915867444801,57.17483838905095,38.394605804641046,7.014399259332032,0,0,0,0,Medium,4.054581735379678
Cotton,30.755214145474266,33.69241285922304,67.77474409617159,41.83418881312598,87.21299254743954,39.77387480442411,22.12963721066701,5.961953892903568,1,0,0,1,Medium,2.646236581960601
Maize,18.054979499278446,77.5138968355122,57.78270403053632,97.50868959699491,107.79044345861303,33.919994565878895,31.259684640869136,6.803207914064807,0,0,0,0,Low,5.1124982621883595
Rice,25.890430255831916,131.17290648719,61.66915616913744,78.09572311444973,58.19667793157717,36.78914202054086,48.56101251669989,6.233560411149802,1,1,0,2,High,4.3245046978341435
Rice,25.773028018987873,159.22590435640416,79.03950893249633,53.46481546499667,92.29546356770018,41.63448280811387,45.16330984288281,7.668970024714595,0,1,1,2,High,3.835589281976668
Wheat,12.538702152440468,32.44518011377647,83.70061516754247,63.72412657638698,100.19040456298254,38.06185348481741,28.768323342975155,6.847846796026685,0,0,0,0,Low,3.4237850741749325
Wheat,15.212624025180231,38.53937307082555,71.50339058279171,77.53598700459412,83.0853763262631,41.28388133670266,20.68066532405667,6.262516364534857,0,0,0,0,Low,3.610156367828076
Maize,35.06942393263221,89.1929392681339,82.49182644040624,52.03572107089197,82.29976817318351,52.37036483284803,44.06676402164363,4.681272138990547,0,0,0,0,Low,4.8403827900503185
Wheat,30.000484613484005,37.7793458046537,66.71954610592789,97.75185554970298,110.00155631378607,38.76498939866121,35.06131189004996,7.714159158383407,0,0,0,0,Low,3.4215902600107246
Wheat,17.75293912946987,58.054832713479364,76.77900153527717,74.47248300397493,54.364983196623214,53.2044546035699,25.588350706031495,6.554214251711281,0,0,0,0,Low,3.673358051453782
Maize,25.286423034165523,76.14670037672927,68.78855266639042,73.26765053535709,80.6005308817873,46.64374563332444,33.74604717837677,5.646271428642801,0,0,0,0,Low,5.0762374719394066
Rice,26.279664810262627,109.64497334350602,80.62586245144078,78.84765972698335,91.12646617591675,52.29058296434597,39.50135653956203,6.191864970438592,0,0,0,0,Low,4.140538981208998
Rice,25.477845100888153,141.7191762591117,84.861890793701,77.7795937046166,120.21987317835347,64.8000510062806,32.73375053019436,5.678504861993391,1,0,0,1,High,4.316095792796629
Maize,17.217483808272277,59.75220624714241,78.4750995525595,71.43141888321146,127.48209190519094,48.60133574002481,35.432114041137226,5.8102603358815355,0,0,0,0,Low,4.887570255101172
Cotton,30.651400595046653,42.53210301956506,70.14590720906115,63.606623123533595,77.94373930034855,43.80405378385022,24.105526813603078,6.726866454535332,0,0,0,0,Low,2.820047440654878
Wheat,14.859881158722235,34.57815154956809,70.53782923982459,74.14486295222362,81.83219000673189,38.7571278053882,32.92627587948923,7.3835744095720734,0,0,0,0,Low,3.6815105844251725
Wheat,14.628390917084047,24.831088125665296,74.06817495436982,60.990414950484265,94.60394574058552,43.42665352098032,36.947501125352005,5.812304880097145,1,0,1,2,High,3.658730280801337
Rice,29.813932503096765,111.27596235668226,55.98659089929336,98.28543818889226,131.93731960559484,26.64636814598338,31.72907175227704,5.777495355642712,1,0,0,1,Medium,3.889333572697146
Wheat,18.122672838564654,41.42968277850231,71.57100469472343,68.71896010069085,58.3713652098779,39.95956263062799,29.95890873506558,5.698695915086318,1,0,0,1,Low,3.4375211636018066
Wheat,17.551413258307427,53.2666551982334,76.15118646470094,52.447321785944155,74.81329527639471,37.354270488965106,33.57634558440944,6.807225300826703,1,0,0,1,Low,3.4559829118682717
Rice,21.470507329276646,110.396176343383,95.73314843365034,100.0,131.74142905749355,46.31325086307053,39.43100207643099,5.250938817923411,0,1,0,1,Medium,3.9681194804868167
Rice,22.044210795720772,131.10732697320418,82.25723736124358,93.10956536209893,79.44031930395704,56.30570732493476,30.49589872245344,4.610882235039909,0,0,0,0,Low,4.253700984823438
Wheat,13.849284514739987,83.44991788162089,60.49419796132808,71.74414160147843,52.24817735531364,35.31485499237982,27.335685876387274,6.466290240443672,0,0,0,0,Low,3.2900435328081947
Rice,25.552112832044063,114.28541721147391,67.42669640973986,100.0,130.70667443861754,48.814591389918206,42.170953244232464,5.258451472140124,0,0,0,0,Low,4.145268037000311
Wheat,28.340017938550126,38.873935779527955,61.03201213927931,72.27263291158387,101.5333557891765,52.0807990394729,29.37092802125034,5.4932502801313134,0,0,0,0,Low,3.4849871387958014
Rice,31.716917854538742,96.56011738870632,88.5289337552251,68.9949201149027,95.05508210129432,47.261606572380664,40.37829540758336,6.063793925753365,0,0,0,0,Medium,4.025405368760523
Wheat,25.6513314125051,43.530604865722644,66.04610258614372,59.643481550157375,62.03412960294011,20.380341506762463,44.23724042504721,6.3137627517002715,0,0,0,0,Low,3.3030004495096534
Rice,29.160286280568467,145.43027933724557,89.80926022961961,96.99495401934433,106.49377971081678,57.27861401738407,41.32081461416811,6.155371321813294,0,0,0,0,Medium,3.9792780750336707
Cotton,25.93725365415841,68.13246498796723,65.52945624824724,34.69529434945089,70.29926600306314,26.105020127017962,33.87571070089533,5.570392080301959,1,0,0,1,Medium,3.1981771646986954
Maize,23.577433940791288,97.5860213335167,77.80559427321923,58.98186190182984,104.70428186473036,41.87642773518023,12.455170773033977,6.310038853470862,0,0,0,0,Low,4.837262252260768
Maize,25.124494011737234,65.60096625580516,71.42304438111894,73.22106737073892,74.41843562773823,37.21905608466562,27.325540033194038,6.307488587909455,1,0,0,1,Low,4.82137024398251
Maize,24.782762437857652,58.400149073796285,76.92713465849612,40.712404152262025,83.21343866448007,45.01187250131331,54.64048530411758,5.122213015824162,0,1,0,1,Medium,4.562543455584349
Wheat,22.536049167053957,110.11583540041622,69.52776273479914,57.23976248905209,95.24466046182825,30.855434475876603,44.727575366353825,5.831527938885139,0,0,0,0,Low,3.399340429328843
Rice,38.63688829057753,124.21911616457612,94.51554458735528,87.19898316991716,69.41570098426615,57.77062718209829,12.910428215049244,5.377178474478813,1,0,0,1,High,4.157875716204551
Wheat,32.08600619459517,52.604057106956695,57.13746927183585,76.26674460953478,49.638360221908044,44.225464223906926,37.46073171808268,6.443863440937509,0,0,0,0,Low,3.7053513002994642
Maize,26.911070354654548,56.94231115410398,66.82613809250024,45.08301989780854,115.27744867626777,50.31838442859734,24.876725303294194,6.269341937537081,0,0,0,0,Low,4.864307217639912
Maize,22.726606753586626,95.16091667145487,89.7062727440055,72.57665918124611,80.0398793342052,47.59573921965035,18.131887781863174,7.890412281191741,0,0,0,0,Low,4.5383626878380845
Wheat,16.10087965285646,77.95217951749414,66.4848483357328,70.44281720685696,94.04363098134935,25.43217933851868,28.44065082913029,7.60633268318102,1,0,0,1,High,3.60324516244392
Rice,31.36428389177959,120.19415961175562,71.22282968389389,57.450213412996455,115.6312742548899,53.463348130300716,48.541270083096194,5.990328770547868,0,0,0,0,Low,4.2163015942067394
Rice,28.90578543309917,79.69648978444813,83.12795583799274,61.1381721170884,64.62897656645896,49.480899928797804,46.71555966288142,5.979943804082785,0,0,0,0,Low,4.145505107929847
Wheat,23.4762008871942,47.04739147729449,74.11866406281771,65.35288586714583,77.11924036884763,42.08283542007253,32.701249324648444,6.786162357773305,0,1,0,1,High,3.252688191769698
Maize,23.53284382018665,46.02986932489419,63.534882337481115,88.88037347864125,62.022385711855705,45.743682989637165,53.44311114743111,6.66497882770842,1,0,0,1,Low,4.38940126117307
Maize,25.671573097428794,52.62327579547613,51.47923812097418,81.33648504271167,105.31251650519116,47.3888374126411,37.18015964107906,5.14523559658083,0,0,1,1,Low,4.681710424524431
Wheat,22.317729796140075,13.630418030612212,60.99429372167147,38.459156069379745,83.72850986201423,33.84654167563334,46.78121226099484,5.884681767152327,0,0,1,1,Low,3.8717155288848737
Cotton,29.900312340685282,71.0093624016939,41.509881217686235,52.61300466554383,96.548057180981,24.4806684378797,35.46569162862256,6.92395867861796,1,0,0,1,Medium,3.0344590020930027
Maize,21.762072841390488,78.46980485345071,86.0788871788283,67.45002021016307,105.48542243810247,28.342672413995913,24.1244683322496,6.618400399938023,0,0,0,0,Low,4.792217249181685
Rice,34.20253128316482,106.31478699770062,68.63200166150418,70.03799281807673,108.96759619531089,46.630284634785745,26.829904377696742,4.60972477814285,1,0,0,1,High,3.865725163046991
Rice,21.582388579651287,119.95564700363919,78.7102400624694,87.44040950143338,107.22728875968228,35.60877053846356,16.853064009262646,5.566854410217072,1,0,0,1,Medium,4.347760404925111
Rice,32.363690562967825,108.33943686084115,80.3448311276924,83.25863186418817,104.37077985996142,32.77545421981486,26.32480879923154,6.245975053018288,0,0,0,0,Low,3.8041318583873838
Rice,23.0990193680244,114.34684661370848,90.44038098862735,85.30827291945641,97.59656340107672,44.97705425884412,38.848654583611044,6.177090655820166,0,1,0,1,High,4.256382155672028
Rice,21.46948712777499,135.87686090175612,99.79488783353364,96.64201623089915,87.7731497310652,37.72994554077929,28.581849785526693,5.9694701053848735,0,0,0,0,High,4.07908725242062
Rice,24.543171327982826,85.30770725515691,88.5132529031341,99.30277408172924,82.27995612668347,48.47639547862402,37.29776379425374,5.642089772325711,0,0,0,0,Low,3.850490561062659
Rice,23.495967669163292,155.7593360867634,80.93075962714242,67.21283265019161,120.48642251635685,37.25793595196602,36.34464610352324,6.236974059915971,0,0,1,1,High,3.7659585822217942
Rice,29.121260682442458,142.98178999932676,72.67778720378429,82.16973660328384,95.80193898028072,29.704973271596835,48.57960713838793,5.845014383991246,0,0,0,0,Low,4.169278200973528
Cotton,22.18013731355605,61.25749517357051,80.96169582622497,55.83116924520918,52.719780705973044,21.525563134729843,31.757089426045667,7.132982131500066,0,0,1,1,Medium,2.7813056450989597
Rice,26.692712065060693,109.20468002737091,87.83953878273864,73.4659591187621,78.15503786376982,32.31695554148166,26.768049491246224,6.925110001222435,0,0,0,0,Low,4.088290402673385
Wheat,21.59386500875509,36.218141977256636,57.2443953085228,45.98537355001137,101.76463314962382,39.581323620438,24.06832941123652,7.180017700928754,0,1,0,1,Medium,3.5447949206874125
Wheat,20.312152536835985,64.53837412422135,62.415115539353145,88.44469478806099,49.12676052733843,43.43331224727588,48.8331457592753,6.916022599678119,0,0,0,0,Low,3.379810599811983
Cotton,26.499352374579075,36.758174373500346,48.78814488800208,61.32656173662078,83.87364074301283,27.245075298972566,5.0,6.936566978704523,1,1,0,2,High,3.146104035664362
Rice,29.14393575022706,111.62826782521527,100.0,99.22806790052735,92.38371039835006,45.12657737791286,28.11997181997059,5.719043987077593,1,0,0,1,High,4.164667487271885
Wheat,12.840158674351647,69.0151404713927,65.20755015140422,66.25067003602643,50.56644482028352,22.005460589092657,28.015183548676454,6.081282987963259,1,0,1,2,High,3.4083546509441836
Cotton,31.001794627277594,34.008759037058425,67.26229944363739,52.55031987417183,85.60651446411147,47.43657360478445,26.089753331344237,7.31371496902348,0,0,0,0,Low,3.1383366957557697
Cotton,31.31386185041206,53.97595646501251,62.5746077779882,70.12616765399046,105.42193045738537,30.99668879779859,14.611107429214115,6.397286913424624,0,0,0,0,Low,3.0096726564848666
Cotton,27.30407632047625,28.10754361562251,65.11793058886767,57.71022543592247,97.00991919947872,48.29602458616101,23.150128208562524,6.9406499701935,0,0,0,0,Low,2.879776637584292
Rice,31.585481242595733,112.21035667969309,79.01285865826782,95.55115594544446,72.00647602194144,45.367552869979356,39.98296033714453,7.278386934094075,0,0,0,0,Low,4.020470421232768
Rice,26.124788318108507,129.6493121215406,99.68873971890002,80.8294662235197,76.3591269911829,49.9295300285169,38.47298743128728,6.1820680182652215,1,0,0,1,High,4.065831827647574
Maize,24.774417942593235,73.00590150507979,68.35952785830801,84.95235837705296,53.908115328840104,71.89658509863803,29.093914585166768,6.832809809835185,0,0,0,0,Low,4.734702444717217
Cotton,27.129965726441696,87.72954130473117,51.585020341828724,64.33487196174812,74.72370347450736,30.983497240962535,12.55467111393946,6.120348071719538,1,0,0,1,Medium,2.683636600585831
Maize,29.62796389322222,45.837072331927644,77.35189364627804,49.52788184133884,119.52044075345998,34.803380269935055,40.128213727331456,5.644200042952404,0,0,0,0,Low,4.995450236416458
Maize,33.24531700232142,105.94174902293301,57.299022273982715,59.963210915303755,68.8177114392478,24.846406891473563,34.926213815899544,7.18312287694535,1,0,0,1,Medium,4.940288234396709
Rice,24.068126341054104,116.50916379303493,74.60607289624949,55.20316794972012,101.13586987030808,48.69344238359831,43.55948749958187,4.682646779089019,1,0,0,1,Medium,3.8813000174033085
Maize,24.48253179788619,61.00283724088929,81.24159470566003,59.88360601787588,101.19722771360604,52.40328412447852,26.093767766227423,6.111244637222308,0,0,0,0,Low,4.6306413111824405
Rice,25.431065395164634,121.39367295269564,95.33486063563956,80.9833193303353,90.03361617676345,33.32615461462035,63.77054329570032,5.895968509718255,0,0,0,0,Medium,4.391948507949396
Wheat,11.136096046740537,23.71084096684878,68.15519191878437,72.22451335502583,90.89924572023497,36.57966770188748,37.70945694603873,6.252078448453745,0,0,0,0,Low,3.573228324442582
Wheat,20.394210653522613,57.5220332401592,80.29338805470188,57.86752772487922,86.00229625260467,32.57031190997946,45.24087783612095,6.539466630280964,0,0,0,0,Low,3.5006849244820537
Wheat,19.069332383583006,17.49471007261748,62.72035039236401,58.280686890081654,70.71234219171657,39.75185756331037,38.5863195279051,6.82770697755328,0,0,0,0,Low,3.500898121950003
Rice,31.002991339858326,145.16510304152598,100.0,64.11323011104568,89.53722032902816,59.94910454747865,35.10082914136137,6.189058216328084,0,0,0,0,Medium,4.114904349384757
Rice,29.840509606373026,89.67301353484282,77.84715736584192,94.57495802706622,117.63703602637972,37.1989279880169,27.733745171158212,5.548024655587054,0,0,1,1,Low,3.9904228619338142
Maize,21.00390058454203,95.43402996272007,57.73365324240426,67.40345546920109,83.46159860198057,38.820819082537454,14.610111063862618,6.191917897065607,0,1,1,2,High,4.716116009002026
Rice,22.46205140760984,81.34552298991,97.55521429667459,100.0,50.22577834328967,37.875992736691494,54.64192054783899,5.538165593222173,0,0,0,0,Low,4.090482060446849
Maize,21.760153685597245,96.48099539193122,71.5408233275581,53.86873857615835,97.67378664498453,41.16750743815036,43.72229933483291,6.061539781980048,1,0,0,1,Medium,4.923565562399493
Rice,32.42941075554436,120.91915924634556,77.45206426181025,64.49759658189505,100.15496139119702,40.30264653767261,47.38957178234851,4.958624255939865,0,0,0,0,Low,3.8694326617899533
Wheat,17.87003249478657,53.746755034208135,81.17185514204635,48.59107515498626,56.71128742877793,44.10904791781904,46.685022718854,6.909948609665755,1,0,0,1,Medium,3.4881336001815932
Wheat,20.939235399331604,30.651874269952078,59.60188166359977,57.50459756100666,86.90219026737589,27.080179782015477,45.29794365205076,5.778430752706748,0,0,0,0,Low,3.484141992933994
Rice,23.72766802806209,111.33111212076132,91.26737610958654,62.0094245567191,81.8442513227568,38.72607880764165,37.79807897026234,6.417747320630926,0,0,0,0,Low,4.016968984707215
Wheat,16.800964100912363,69.81640151548108,46.81424399710389,58.29622508765818,112.17031936288403,32.09408584005639,46.95571736482427,7.403139226881144,0,0,0,0,Low,3.4331331030422776
Rice,27.39197798687687,92.82874601781094,89.17043546467161,84.46632110455653,86.4591719945293,29.93984044868803,51.809265638012974,5.819328223541479,1,1,0,2,High,4.117194629204699
Rice,19.94868282974691,123.9559884347743,71.05658012285704,100.0,81.32356162422005,35.60986101397603,39.29998225801595,5.215330049930455,1,0,0,1,High,4.150547806394497
Cotton,32.010805953049726,94.85722418211651,84.50697404674239,33.150926222734114,95.77865327218963,38.39969230821635,28.745394608478293,5.764516671244635,1,0,0,1,Medium,2.5833020293204556
Wheat,18.912655067223245,30.839899556880702,63.53278607274257,55.2663741903049,81.7415885318984,21.467251239378022,17.544818522546766,6.89905284890179,0,0,1,1,Low,3.874285881192534
Cotton,30.577561129943312,79.49144987038808,50.02769832274359,43.423995688424164,74.96407353571313,28.838373815316146,36.12640942587707,6.873593484488793,1,0,0,1,High,2.858942914186096
Rice,27.139785418795192,111.44111981435528,90.24743291338103,82.96300542609526,105.96629895601555,39.01321624360219,41.247815941101145,6.063966857631553,0,0,0,0,Medium,4.053827552338322
Maize,25.32940857150343,76.08576716611722,68.1319803060508,65.68443994981796,58.2614056260013,30.981064678326124,47.22132322230476,6.5358403947758426,1,0,0,1,Medium,4.793582357255214
Maize,17.223754176012207,70.90197487309443,73.64142793098935,56.151269056251,73.43175967369216,30.768489445228532,15.351347223163586,6.971992576737185,0,0,0,0,Low,4.755167595667743
Maize,22.30169566175933,68.08444552568251,77.09325418509648,69.68864863003347,118.35972436602215,33.78873246205995,43.7429105816436,6.689915048087794,0,0,0,0,Low,4.891637417477707
Wheat,23.866086355513435,44.54724387421873,75.03893252867293,54.00509420861069,92.87425851004218,32.459839876594145,16.12811930321546,6.585976147195465,0,0,0,0,Low,3.3592847965026817
Wheat,23.39366394615984,42.40967780292535,66.08182321855709,49.32918543848139,63.92150904466884,35.692368040525594,28.403011640266705,6.418080942939282,1,1,0,2,High,3.2995371036596217
Wheat,28.803188794901786,63.45260287628817,65.25116890606749,63.61640083178814,85.25867915813838,38.52212351402245,34.92168828207326,6.763164799652764,0,1,1,2,Medium,3.647003433293866
Cotton,28.981510997682506,37.706843602410345,62.58204886352577,73.54577451895815,71.17379123767874,30.015992854210864,26.30636381071757,6.626299423290604,0,0,0,0,Low,2.8295322972105197
Cotton,31.720773838191015,65.71179699005671,61.23770381893315,66.57500817814592,58.50108007702015,34.716215919009045,44.34177036520327,5.543316115672247,0,0,0,0,Low,2.8125896495922693
Cotton,32.97777288306549,39.13028894684189,71.50339058279171,56.09910487655869,78.9000872594112,47.8342402979362,28.762828298615137,6.908722698922011,1,0,1,2,High,2.8053747387348484
Rice,29.415633611512067,87.5095719376719,61.54370655395222,99.50450413226817,82.67338202469988,41.151578363115895,42.12355969085948,6.666894890257758,0,0,0,0,Low,3.985132041549157
Maize,28.696710089742588,74.67448472967828,72.87387879465703,41.443777627415216,91.37877006630265,50.36594322448186,41.221638703884175,5.618323594119699,0,0,0,0,Low,4.7976504299018705
